timestamp_s,latency_ms,fps
0,37.3,26.8
1,37.3,26.8
2,37.5,26.7
3,37.7,26.5
4,36.4,27.5
5,37.4,26.8
6,37.1,26.9
7,37.7,26.5
8,37.8,26.5
9,37.6,26.6
10,37.1,26.9
11,37.5,26.7
12,37.9,26.4
13,37.3,26.8
14,37.1,26.9
15,37.4,26.7
16,37.9,26.4
17,38.0,26.3
18,37.2,26.9
19,37.0,27.1
20,37.9,26.4
21,37.4,26.7
22,37.7,26.5
23,37.1,27.0
24,37.4,26.7
25,38.3,26.1
26,36.6,27.4
27,36.8,27.2
28,37.9,26.4
29,36.9,27.1
30,36.9,27.1
31,37.2,26.9
32,37.6,26.6
33,37.7,26.5
34,36.9,27.1
35,37.3,26.8
36,37.1,26.9
37,37.3,26.8
38,37.5,26.6
39,37.4,26.7
40,38.1,26.2
41,37.7,26.6
42,37.5,26.6
43,37.0,27.0
44,37.6,26.6
45,37.4,26.8
46,38.3,26.1
47,37.2,26.9
48,37.1,26.9
49,37.2,26.9
50,37.1,26.9
51,37.2,26.9
52,37.4,26.7
53,37.1,27.0
54,37.9,26.4
55,36.8,27.2
56,37.6,26.6
57,37.4,26.7
58,37.2,26.9
59,37.2,26.9
60,37.4,26.8
61,36.9,27.1
62,37.2,26.9
63,38.0,26.3
64,37.4,26.7
65,37.8,26.5
66,37.6,26.6
67,37.7,26.5
68,37.2,26.9
69,38.0,26.3
70,37.1,27.0
71,36.9,27.1
72,37.0,27.1
73,37.6,26.6
74,37.6,26.6
75,37.9,26.4
76,37.6,26.6
77,37.4,26.7
78,36.7,27.2
79,37.4,26.8
80,37.9,26.4
81,37.0,27.0
82,37.9,26.4
83,37.4,26.7
84,37.7,26.5
85,37.3,26.8
86,37.5,26.7
87,36.9,27.1
88,37.6,26.6
89,37.8,26.4
90,38.3,26.1
91,38.1,26.3
92,37.2,26.9
93,37.2,26.9
94,37.0,27.0
95,37.4,26.7
96,38.2,26.2
97,38.3,26.1
98,37.3,26.8
99,38.0,26.3
100,37.3,26.8
101,36.9,27.1
102,37.4,26.7
103,37.9,26.4
104,37.0,27.1
105,37.1,27.0
106,37.3,26.8
107,37.4,26.7
108,38.1,26.3
109,37.5,26.7
110,37.4,26.7
111,37.1,27.0
112,37.1,26.9
113,37.3,26.8
114,37.2,26.9
115,37.0,27.0
116,37.4,26.8
117,36.5,27.4
118,37.3,26.8
119,38.1,26.2
120,37.2,26.9
121,36.6,27.3
122,38.0,26.3
123,37.1,27.0
124,37.0,27.0
125,37.9,26.4
126,37.7,26.6
127,37.8,26.5
128,37.9,26.4
129,37.4,26.8
130,37.4,26.8
131,37.5,26.7
132,37.0,27.0
133,37.7,26.5
134,37.3,26.8
135,37.1,26.9
136,37.2,26.9
137,37.6,26.6
138,37.4,26.7
139,37.2,26.9
140,38.0,26.3
141,37.4,26.8
142,37.2,26.9
143,37.0,27.1
144,37.3,26.8
145,37.1,27.0
146,37.7,26.5
147,37.6,26.6
148,37.5,26.7
149,37.5,26.7
150,37.6,26.6
151,37.6,26.6
152,37.5,26.7
153,37.5,26.7
154,36.8,27.1
155,37.8,26.4
156,37.7,26.5
157,37.6,26.6
158,37.0,27.0
159,37.6,26.6
160,37.6,26.6
161,37.1,26.9
162,37.7,26.5
163,37.2,26.9
164,37.8,26.4
165,37.8,26.4
166,37.7,26.5
167,37.1,27.0
168,37.6,26.6
169,38.1,26.2
170,38.0,26.3
171,36.5,27.4
172,37.5,26.7
173,37.6,26.6
174,37.7,26.5
175,37.4,26.8
176,37.9,26.4
177,37.3,26.8
178,37.1,27.0
179,37.3,26.8
180,37.7,26.5
181,37.1,27.0
182,37.1,27.0
183,37.7,26.5
184,36.5,27.4
185,37.1,27.0
186,37.3,26.8
187,37.9,26.4
188,37.4,26.7
189,37.0,27.0
190,37.4,26.7
191,36.1,27.7
192,37.7,26.5
193,36.6,27.3
194,37.6,26.6
195,36.9,27.1
196,37.5,26.7
197,37.5,26.7
198,37.5,26.6
199,37.4,26.7
200,37.6,26.6
201,37.5,26.7
202,36.8,27.1
203,37.5,26.6
204,37.3,26.8
205,37.4,26.8
206,37.6,26.6
207,37.4,26.8
208,36.6,27.3
209,37.3,26.8
210,36.7,27.2
211,37.5,26.7
212,37.6,26.6
213,38.0,26.3
214,37.2,26.9
215,37.4,26.8
216,37.2,26.9
217,37.6,26.6
218,38.1,26.2
219,37.1,27.0
220,37.0,27.0
221,37.3,26.8
222,37.4,26.8
223,37.3,26.8
224,36.5,27.4
225,36.8,27.1
226,36.5,27.4
227,37.2,26.9
228,37.6,26.6
229,38.3,26.1
230,37.1,26.9
231,37.6,26.6
232,37.4,26.7
233,37.5,26.7
234,37.2,26.9
235,37.0,27.0
236,37.2,26.9
237,36.9,27.1
238,36.8,27.2
239,37.6,26.6
240,37.6,26.6
241,36.8,27.2
242,37.5,26.6
243,37.1,26.9
244,37.1,26.9
245,37.4,26.7
246,37.4,26.7
247,37.5,26.7
248,38.0,26.3
249,37.2,26.9
250,37.8,26.5
251,37.1,27.0
252,37.2,26.9
253,37.7,26.5
254,36.9,27.1
255,36.8,27.2
256,36.9,27.1
257,37.4,26.7
258,37.2,26.9
259,37.7,26.5
260,37.0,27.0
261,37.3,26.8
262,37.7,26.5
263,38.0,26.4
264,37.9,26.4
265,37.9,26.4
266,37.1,27.0
267,37.5,26.6
268,37.1,27.0
269,37.5,26.7
270,37.8,26.5
271,38.2,26.2
272,36.8,27.2
273,36.7,27.2
274,37.5,26.6
275,37.4,26.7
276,37.1,26.9
277,37.3,26.8
278,37.4,26.8
279,37.9,26.4
280,38.3,26.1
281,37.8,26.5
282,37.2,26.9
283,37.2,26.9
284,37.5,26.7
285,37.4,26.7
286,37.2,26.9
287,37.7,26.5
288,37.4,26.7
289,36.7,27.2
290,37.2,26.9
291,37.8,26.4
292,37.0,27.0
293,36.5,27.4
294,36.9,27.1
295,37.7,26.5
296,36.5,27.4
297,37.2,26.9
298,37.6,26.6
299,36.8,27.1
300,37.6,26.6
301,37.7,26.6
302,37.2,26.9
303,37.8,26.5
304,37.2,26.9
305,37.3,26.8
306,37.9,26.4
307,37.6,26.6
308,37.6,26.6
309,37.3,26.8
310,37.3,26.8
311,37.3,26.8
312,37.6,26.6
313,37.4,26.8
314,37.8,26.5
315,36.8,27.2
316,37.3,26.8
317,37.6,26.6
318,37.7,26.6
319,37.2,26.9
320,37.5,26.7
321,38.0,26.3
322,37.4,26.8
323,37.6,26.6
324,37.6,26.6
325,36.6,27.3
326,36.9,27.1
327,37.4,26.7
328,37.0,27.0
329,37.0,27.0
330,37.5,26.6
331,37.8,26.4
332,37.0,27.0
333,37.5,26.7
334,37.4,26.7
335,37.4,26.8
336,37.5,26.7
337,36.9,27.1
338,37.3,26.8
339,37.7,26.5
340,37.4,26.8
341,37.5,26.6
342,37.6,26.6
343,37.7,26.5
344,37.8,26.4
345,37.1,26.9
346,37.8,26.5
347,37.5,26.7
348,37.6,26.6
349,37.2,26.9
350,37.3,26.8
351,37.6,26.6
352,37.5,26.7
353,37.4,26.7
354,37.1,27.0
355,38.0,26.3
356,37.6,26.6
357,37.5,26.7
358,37.4,26.8
359,38.1,26.2
360,37.5,26.6
361,37.6,26.6
362,38.7,25.9
363,37.6,26.6
364,36.9,27.1
365,37.6,26.6
366,37.2,26.9
367,37.9,26.4
368,37.6,26.6
369,37.1,27.0
370,37.9,26.4
371,36.7,27.3
372,37.5,26.7
373,37.1,27.0
374,37.3,26.8
375,37.8,26.5
376,37.5,26.6
377,36.9,27.1
378,37.6,26.6
379,37.4,26.7
380,37.1,26.9
381,37.3,26.8
382,37.1,27.0
383,37.3,26.8
384,37.6,26.6
385,37.9,26.4
386,37.4,26.7
387,36.1,27.7
388,37.1,27.0
389,37.0,27.0
390,37.2,26.9
391,37.3,26.8
392,37.3,26.8
393,37.3,26.8
394,37.5,26.6
395,37.4,26.7
396,37.9,26.4
397,37.9,26.4
398,37.0,27.0
399,37.4,26.7
400,37.0,27.0
401,37.9,26.4
402,37.1,26.9
403,37.3,26.8
404,37.3,26.8
405,37.7,26.6
406,37.1,27.0
407,38.0,26.3
408,37.9,26.4
409,37.6,26.6
410,37.0,27.0
411,36.6,27.3
412,37.2,26.9
413,37.8,26.5
414,37.4,26.8
415,37.9,26.4
416,37.4,26.8
417,37.3,26.8
418,37.2,26.9
419,37.2,26.9
420,37.3,26.8
421,37.3,26.8
422,37.0,27.0
423,37.2,26.9
424,37.5,26.6
425,37.4,26.8
426,38.0,26.3
427,37.4,26.7
428,37.2,26.9
429,37.3,26.8
430,37.6,26.6
431,37.5,26.7
432,37.6,26.6
433,37.6,26.6
434,37.2,26.9
435,36.8,27.2
436,37.7,26.5
437,37.5,26.7
438,37.2,26.9
439,36.8,27.2
440,37.2,26.9
441,37.5,26.7
442,37.4,26.7
443,37.6,26.6
444,37.8,26.5
445,37.7,26.5
446,37.3,26.8
447,36.8,27.2
448,38.3,26.1
449,36.9,27.1
450,37.2,26.9
451,37.9,26.4
452,37.2,26.9
453,37.6,26.6
454,37.7,26.5
455,37.3,26.8
456,36.9,27.1
457,37.4,26.7
458,37.4,26.7
459,37.5,26.7
460,37.4,26.7
461,37.0,27.1
462,37.5,26.7
463,37.2,26.9
464,38.0,26.3
465,37.0,27.0
466,36.9,27.1
467,37.9,26.4
468,37.2,26.9
469,37.4,26.7
470,37.1,26.9
471,36.8,27.1
472,38.0,26.3
473,36.9,27.1
474,37.0,27.0
475,37.4,26.7
476,37.2,26.9
477,37.7,26.5
478,37.4,26.8
479,37.8,26.4
480,37.1,27.0
481,36.7,27.3
482,37.2,26.9
483,37.5,26.7
484,36.7,27.3
485,37.5,26.7
486,37.0,27.0
487,38.0,26.3
488,37.8,26.5
489,38.5,26.0
490,37.2,26.9
491,37.8,26.5
492,37.6,26.6
493,37.6,26.6
494,37.4,26.7
495,37.7,26.5
496,37.2,26.9
497,36.8,27.2
498,36.9,27.1
499,37.2,26.9
500,37.7,26.5
501,37.0,27.0
502,36.8,27.1
503,37.6,26.6
504,37.4,26.7
505,37.4,26.8
506,37.5,26.7
507,37.3,26.8
508,37.1,27.0
509,37.6,26.6
510,36.5,27.4
511,37.1,26.9
512,37.1,26.9
513,37.5,26.7
514,37.2,26.9
515,37.9,26.4
516,37.7,26.5
517,37.5,26.7
518,37.9,26.4
519,38.2,26.2
520,37.0,27.0
521,37.6,26.6
522,38.1,26.2
523,36.8,27.1
524,37.7,26.5
525,37.0,27.0
526,37.7,26.5
527,36.9,27.1
528,37.4,26.8
529,37.0,27.0
530,38.2,26.2
531,36.9,27.1
532,37.1,27.0
533,37.6,26.6
534,37.3,26.8
535,37.1,27.0
536,37.3,26.8
537,37.8,26.5
538,37.6,26.6
539,37.4,26.7
540,37.3,26.8
541,36.3,27.5
542,36.9,27.1
543,36.7,27.2
544,37.6,26.6
545,37.1,27.0
546,37.7,26.5
547,38.0,26.3
548,37.5,26.6
549,37.9,26.4
550,37.7,26.5
551,37.0,27.0
552,37.8,26.5
553,37.4,26.7
554,37.3,26.8
555,37.7,26.6
556,37.4,26.8
557,37.3,26.8
558,37.9,26.4
559,37.4,26.7
560,37.0,27.0
561,37.3,26.8
562,37.4,26.7
563,37.4,26.7
564,37.1,26.9
565,37.6,26.6
566,37.3,26.8
567,37.5,26.6
568,37.2,26.9
569,37.9,26.4
570,37.4,26.7
571,37.5,26.6
572,36.9,27.1
573,37.1,26.9
574,37.2,26.9
575,37.5,26.7
576,37.5,26.7
577,37.7,26.5
578,37.2,26.9
579,38.0,26.3
580,37.1,27.0
581,37.7,26.5
582,37.1,26.9
583,37.3,26.8
584,37.2,26.8
585,37.6,26.6
586,37.0,27.0
587,37.5,26.7
588,37.9,26.4
589,37.1,26.9
590,37.9,26.4
591,38.0,26.3
592,38.2,26.2
593,37.7,26.5
594,37.0,27.0
595,37.9,26.4
596,37.1,27.0
597,37.0,27.0
598,37.1,26.9
599,37.2,26.9
600,36.5,27.4
601,37.0,27.0
602,37.6,26.6
603,37.3,26.8
604,37.7,26.5
605,36.8,27.1
606,37.0,27.0
607,37.2,26.9
608,36.7,27.3
609,36.8,27.1
610,36.9,27.1
611,37.9,26.4
612,36.9,27.1
613,37.4,26.8
614,36.4,27.5
615,37.9,26.4
616,37.3,26.8
617,37.4,26.8
618,37.2,26.9
619,37.3,26.8
620,37.2,26.9
621,36.9,27.1
622,36.9,27.1
623,37.2,26.9
624,38.5,26.0
625,37.8,26.5
626,37.4,26.7
627,37.1,27.0
628,37.2,26.9
629,37.6,26.6
630,36.8,27.1
631,37.6,26.6
632,37.7,26.5
633,37.0,27.0
634,37.0,27.0
635,37.6,26.6
636,38.0,26.3
637,37.3,26.8
638,37.2,26.9
639,37.1,27.0
640,37.6,26.6
641,37.3,26.8
642,37.2,26.9
643,37.0,27.1
644,37.2,26.9
645,37.0,27.1
646,36.7,27.2
647,37.8,26.4
648,38.0,26.3
649,36.9,27.1
650,37.5,26.7
651,37.0,27.0
652,37.6,26.6
653,37.7,26.5
654,37.0,27.0
655,37.8,26.5
656,37.6,26.6
657,37.9,26.4
658,36.8,27.1
659,38.0,26.3
660,37.6,26.6
661,37.6,26.6
662,37.6,26.6
663,37.3,26.8
664,37.5,26.7
665,37.9,26.4
666,37.0,27.1
667,38.0,26.3
668,38.1,26.2
669,37.6,26.6
670,36.7,27.2
671,37.6,26.6
672,36.9,27.1
673,37.6,26.6
674,37.2,26.9
675,37.4,26.8
676,37.2,26.9
677,37.2,26.9
678,37.6,26.6
679,38.2,26.2
680,37.5,26.6
681,37.4,26.7
682,37.4,26.7
683,37.7,26.5
684,37.8,26.4
685,37.1,26.9
686,37.3,26.8
687,37.8,26.5
688,36.5,27.4
689,36.4,27.5
690,37.2,26.9
691,37.4,26.8
692,37.2,26.9
693,37.6,26.6
694,36.6,27.3
695,37.3,26.8
696,36.8,27.2
697,37.8,26.4
698,37.6,26.6
699,37.0,27.0
700,37.9,26.4
701,37.6,26.6
702,37.3,26.8
703,37.7,26.5
704,37.5,26.6
705,37.2,26.9
706,37.6,26.6
707,38.0,26.3
708,37.5,26.7
709,36.6,27.4
710,36.7,27.3
711,37.2,26.9
712,37.9,26.4
713,37.6,26.6
714,37.2,26.9
715,37.9,26.4
716,38.0,26.3
717,37.2,26.9
718,36.8,27.2
719,37.3,26.8
720,38.1,26.2
721,37.0,27.0
722,37.7,26.5
723,37.4,26.7
724,36.9,27.1
725,37.7,26.5
726,37.7,26.6
727,36.8,27.1
728,37.2,26.9
729,37.1,27.0
730,37.9,26.4
731,37.1,26.9
732,37.2,26.9
733,37.6,26.6
734,37.1,26.9
735,37.3,26.8
736,37.2,26.9
737,37.7,26.5
738,37.1,27.0
739,37.3,26.8
740,37.3,26.8
741,37.5,26.7
742,37.8,26.4
743,38.2,26.2
744,37.0,27.1
745,38.1,26.2
746,37.3,26.8
747,37.3,26.8
748,36.7,27.3
749,37.5,26.6
750,36.6,27.3
751,37.5,26.7
752,37.2,26.9
753,37.0,27.0
754,36.8,27.2
755,38.1,26.3
756,36.8,27.1
757,37.6,26.6
758,37.5,26.7
759,37.4,26.7
760,37.5,26.6
761,36.8,27.2
762,37.5,26.7
763,37.3,26.8
764,37.5,26.7
765,37.3,26.8
766,37.8,26.4
767,36.8,27.2
768,37.6,26.6
769,37.8,26.5
770,37.3,26.8
771,37.0,27.0
772,37.5,26.7
773,37.7,26.5
774,37.2,26.9
775,36.6,27.3
776,37.6,26.6
777,37.1,26.9
778,36.3,27.5
779,37.6,26.6
780,37.2,26.9
781,37.3,26.8
782,37.3,26.8
783,37.9,26.4
784,37.0,27.1
785,37.8,26.5
786,38.1,26.3
787,36.9,27.1
788,38.0,26.3
789,37.9,26.4
790,37.3,26.8
791,37.6,26.6
792,37.6,26.6
793,37.6,26.6
794,37.8,26.4
795,37.1,27.0
796,37.3,26.8
797,37.4,26.7
798,37.2,26.9
799,36.7,27.2
800,37.0,27.0
801,38.0,26.3
802,37.5,26.7
803,37.4,26.7
804,37.9,26.4
805,36.7,27.2
806,37.1,27.0
807,36.9,27.1
808,36.3,27.5
809,36.8,27.2
810,37.7,26.5
811,36.8,27.2
812,37.4,26.7
813,36.8,27.2
814,37.2,26.9
815,37.2,26.9
816,37.3,26.8
817,37.4,26.8
818,38.4,26.1
819,37.1,27.0
820,37.6,26.6
821,37.9,26.4
822,37.4,26.8
823,37.0,27.0
824,36.2,27.6
825,37.9,26.4
826,37.3,26.8
827,38.0,26.3
828,36.6,27.3
829,37.9,26.4
830,37.3,26.8
831,38.3,26.1
832,37.5,26.6
833,36.7,27.2
834,36.6,27.3
835,37.0,27.0
836,36.8,27.1
837,38.0,26.3
838,37.7,26.5
839,37.2,26.9
840,37.2,26.9
841,37.5,26.7
842,37.6,26.6
843,36.6,27.3
844,37.6,26.6
845,36.9,27.1
846,37.5,26.7
847,36.7,27.2
848,37.4,26.8
849,37.1,27.0
850,37.7,26.5
851,37.3,26.8
852,37.7,26.5
853,37.3,26.8
854,37.6,26.6
855,37.5,26.7
856,37.8,26.5
857,38.2,26.2
858,37.8,26.5
859,38.1,26.2
860,37.3,26.8
861,37.6,26.6
862,37.7,26.5
863,37.5,26.7
864,37.6,26.6
865,37.5,26.7
866,37.3,26.8
867,37.4,26.8
868,37.5,26.6
869,37.5,26.7
870,37.4,26.8
871,37.2,26.9
872,37.1,26.9
873,38.1,26.2
874,37.2,26.9
875,37.2,26.9
876,38.2,26.2
877,37.2,26.9
878,37.5,26.7
879,37.5,26.7
880,37.8,26.5
881,37.5,26.7
882,37.2,26.9
883,37.5,26.7
884,36.6,27.3
885,36.4,27.5
886,37.6,26.6
887,37.9,26.4
888,38.1,26.2
889,37.3,26.8
890,37.4,26.7
891,37.2,26.9
892,37.1,27.0
893,36.7,27.2
894,37.2,26.9
895,37.5,26.7
896,38.1,26.3
897,37.6,26.6
898,37.1,26.9
899,37.3,26.8
900,37.7,26.5
901,37.8,26.5
902,36.5,27.4
903,37.5,26.6
904,37.7,26.5
905,37.8,26.5
906,37.1,26.9
907,37.3,26.8
908,36.8,27.1
909,37.4,26.8
910,37.2,26.9
911,38.3,26.1
912,37.4,26.7
913,37.9,26.4
914,37.6,26.6
915,37.2,26.8
916,38.0,26.3
917,37.7,26.5
918,37.3,26.8
919,37.5,26.7
920,36.9,27.1
921,38.0,26.3
922,37.1,26.9
923,37.1,27.0
924,36.9,27.1
925,37.7,26.5
926,37.1,26.9
927,37.7,26.5
928,37.7,26.5
929,37.6,26.6
930,37.5,26.7
931,37.9,26.4
932,37.3,26.8
933,37.5,26.7
934,36.5,27.4
935,37.3,26.8
936,37.8,26.5
937,37.0,27.1
938,36.7,27.3
939,37.1,26.9
940,37.1,27.0
941,37.5,26.7
942,37.7,26.6
943,37.5,26.7
944,38.8,25.7
945,37.5,26.7
946,37.6,26.6
947,37.3,26.8
948,36.9,27.1
949,37.6,26.6
950,38.1,26.3
951,36.8,27.2
952,37.0,27.0
953,37.1,26.9
954,37.9,26.4
955,37.3,26.8
956,36.9,27.1
957,37.5,26.7
958,36.8,27.2
959,36.8,27.1
960,37.6,26.6
961,37.2,26.9
962,37.6,26.6
963,37.2,26.8
964,37.6,26.6
965,37.4,26.7
966,37.3,26.8
967,37.4,26.7
968,37.2,26.9
969,37.7,26.5
970,37.3,26.8
971,37.7,26.5
972,37.5,26.7
973,37.6,26.6
974,37.8,26.5
975,37.2,26.9
976,37.7,26.5
977,36.4,27.5
978,37.3,26.8
979,36.6,27.3
980,38.0,26.3
981,37.9,26.4
982,37.4,26.8
983,37.8,26.4
984,37.3,26.8
985,37.4,26.7
986,37.4,26.7
987,37.2,26.9
988,37.6,26.6
989,36.5,27.4
990,37.3,26.8
991,37.9,26.4
992,37.4,26.8
993,37.4,26.8
994,37.5,26.7
995,36.7,27.2
996,36.7,27.2
997,37.4,26.7
998,37.2,26.9
999,37.8,26.5
1000,37.3,26.8
1001,37.2,26.9
1002,37.4,26.7
1003,38.1,26.3
1004,38.1,26.2
1005,37.8,26.5
1006,37.3,26.8
1007,37.8,26.4
1008,37.2,26.9
1009,38.5,26.0
1010,36.9,27.1
1011,36.6,27.3
1012,37.4,26.7
1013,37.4,26.7
1014,37.4,26.8
1015,36.9,27.1
1016,37.4,26.7
1017,36.9,27.1
1018,37.7,26.5
1019,37.0,27.0
1020,37.2,26.9
1021,38.4,26.1
1022,37.8,26.5
1023,37.6,26.6
1024,37.1,27.0
1025,37.3,26.8
1026,37.8,26.5
1027,37.5,26.6
1028,38.0,26.3
1029,38.5,26.0
1030,37.4,26.7
1031,37.0,27.0
1032,37.8,26.5
1033,37.4,26.8
1034,38.2,26.2
1035,37.6,26.6
1036,38.2,26.2
1037,37.6,26.6
1038,37.1,27.0
1039,37.5,26.7
1040,37.1,26.9
1041,37.9,26.4
1042,36.8,27.2
1043,38.0,26.3
1044,37.1,27.0
1045,37.5,26.6
1046,37.6,26.6
1047,37.7,26.5
1048,36.9,27.1
1049,37.9,26.4
1050,37.5,26.7
1051,37.4,26.7
1052,36.5,27.4
1053,37.3,26.8
1054,37.0,27.1
1055,36.0,27.8
1056,37.3,26.8
1057,36.9,27.1
1058,38.1,26.3
1059,37.7,26.6
1060,37.4,26.8
1061,36.9,27.1
1062,37.6,26.6
1063,37.7,26.5
1064,37.7,26.5
1065,36.9,27.1
1066,37.5,26.6
1067,37.3,26.8
1068,37.5,26.6
1069,36.8,27.2
1070,37.7,26.5
1071,37.6,26.6
1072,37.2,26.9
1073,37.5,26.7
1074,36.8,27.2
1075,37.5,26.7
1076,37.8,26.5
1077,37.1,27.0
1078,36.8,27.2
1079,37.6,26.6
1080,37.6,26.6
1081,38.3,26.1
1082,37.8,26.4
1083,37.6,26.6
1084,37.4,26.7
1085,37.1,26.9
1086,37.3,26.8
1087,37.7,26.5
1088,37.1,27.0
1089,37.1,26.9
1090,37.9,26.4
1091,36.9,27.1
1092,37.6,26.6
1093,37.5,26.7
1094,37.5,26.6
1095,37.6,26.6
1096,37.7,26.5
1097,38.4,26.0
1098,36.9,27.1
1099,37.3,26.8
1100,37.5,26.7
1101,38.0,26.3
1102,37.2,26.8
1103,36.9,27.1
1104,37.9,26.4
1105,37.7,26.5
1106,36.5,27.4
1107,36.9,27.1
1108,37.0,27.0
1109,36.9,27.1
1110,36.5,27.4
1111,37.3,26.8
1112,38.1,26.3
1113,37.3,26.8
1114,36.7,27.2
1115,37.1,27.0
1116,37.4,26.7
1117,37.8,26.4
1118,37.6,26.6
1119,37.6,26.6
1120,37.5,26.7
1121,37.9,26.4
1122,37.9,26.4
1123,37.2,26.9
1124,37.7,26.5
1125,36.7,27.2
1126,37.9,26.4
1127,36.9,27.1
1128,37.9,26.4
1129,36.7,27.3
1130,37.7,26.5
1131,37.4,26.7
1132,37.3,26.8
1133,38.0,26.3
1134,37.0,27.0
1135,37.6,26.6
1136,37.8,26.5
1137,37.2,26.9
1138,37.7,26.6
1139,37.1,26.9
1140,37.3,26.8
1141,37.3,26.8
1142,37.2,26.9
1143,37.4,26.8
1144,38.3,26.1
1145,37.5,26.6
1146,37.7,26.5
1147,37.6,26.6
1148,38.2,26.1
1149,37.1,27.0
1150,37.0,27.0
1151,38.1,26.2
1152,36.7,27.2
1153,37.2,26.9
1154,37.8,26.5
1155,37.2,26.9
1156,37.3,26.8
1157,38.6,25.9
1158,37.2,26.9
1159,38.0,26.3
1160,36.5,27.4
1161,37.2,26.9
1162,37.2,26.9
1163,37.5,26.7
1164,36.9,27.1
1165,37.6,26.6
1166,37.2,26.9
1167,37.3,26.8
1168,37.4,26.8
1169,37.6,26.6
1170,37.8,26.5
1171,37.5,26.7
1172,37.1,26.9
1173,37.0,27.0
1174,37.9,26.4
1175,37.6,26.6
1176,37.4,26.7
1177,37.0,27.0
1178,37.5,26.7
1179,37.6,26.6
1180,37.1,26.9
1181,36.7,27.2
1182,37.3,26.8
1183,37.3,26.8
1184,37.5,26.7
1185,37.7,26.5
1186,38.1,26.2
1187,37.7,26.5
1188,37.2,26.9
1189,37.4,26.7
1190,37.4,26.7
1191,37.6,26.6
1192,37.7,26.5
1193,37.4,26.7
1194,37.9,26.4
1195,37.3,26.8
1196,37.4,26.8
1197,36.9,27.1
1198,37.7,26.5
1199,37.9,26.4
1200,36.9,27.1
1201,37.4,26.7
1202,37.3,26.8
1203,37.0,27.0
1204,37.2,26.9
1205,37.7,26.5
1206,37.5,26.7
1207,38.2,26.2
1208,37.0,27.0
1209,37.8,26.5
1210,36.3,27.6
1211,36.4,27.5
1212,38.0,26.3
1213,37.7,26.5
1214,37.4,26.7
1215,37.2,26.9
1216,37.6,26.6
1217,36.8,27.1
1218,37.3,26.8
1219,37.7,26.5
1220,37.3,26.8
1221,37.4,26.7
1222,37.4,26.8
1223,37.2,26.9
1224,37.1,27.0
1225,37.0,27.0
1226,37.4,26.7
1227,37.3,26.8
1228,37.7,26.6
1229,37.3,26.8
1230,36.8,27.2
1231,36.9,27.1
1232,38.3,26.1
1233,37.0,27.0
1234,37.1,27.0
1235,37.2,26.9
1236,37.6,26.6
1237,37.5,26.7
1238,37.4,26.8
1239,37.2,26.8
1240,37.1,26.9
1241,37.3,26.8
1242,37.3,26.8
1243,37.7,26.6
1244,37.1,27.0
1245,38.0,26.3
1246,38.2,26.1
1247,36.7,27.2
1248,36.5,27.4
1249,37.7,26.5
1250,38.2,26.2
1251,37.3,26.8
1252,37.2,26.9
1253,37.6,26.6
1254,37.3,26.8
1255,37.5,26.6
1256,37.5,26.6
1257,37.5,26.7
1258,37.5,26.7
1259,37.5,26.7
1260,37.2,26.8
1261,38.1,26.2
1262,38.0,26.3
1263,36.8,27.1
1264,37.7,26.6
1265,37.9,26.4
1266,37.0,27.0
1267,36.9,27.1
1268,37.2,26.9
1269,37.6,26.6
1270,37.0,27.0
1271,37.6,26.6
1272,38.3,26.1
1273,37.3,26.8
1274,38.0,26.3
1275,37.4,26.8
1276,37.8,26.5
1277,36.9,27.1
1278,36.3,27.5
1279,36.8,27.1
1280,37.5,26.7
1281,37.5,26.7
1282,37.8,26.4
1283,37.4,26.7
1284,37.7,26.5
1285,36.9,27.1
1286,37.6,26.6
1287,36.9,27.1
1288,38.0,26.3
1289,38.0,26.3
1290,38.1,26.3
1291,37.0,27.0
1292,37.5,26.7
1293,37.1,27.0
1294,36.6,27.3
1295,37.9,26.4
1296,37.7,26.5
1297,38.1,26.3
1298,38.3,26.1
1299,37.7,26.5
1300,37.2,26.9
1301,37.7,26.5
1302,37.1,27.0
1303,37.5,26.7
1304,37.7,26.6
1305,37.3,26.8
1306,37.1,26.9
1307,36.8,27.2
1308,37.1,26.9
1309,37.7,26.5
1310,37.2,26.9
1311,36.6,27.4
1312,37.0,27.0
1313,37.0,27.1
1314,37.3,26.8
1315,36.8,27.1
1316,37.5,26.7
1317,38.3,26.1
1318,37.4,26.7
1319,37.4,26.8
1320,37.2,26.9
1321,37.3,26.8
1322,38.3,26.1
1323,37.0,27.0
1324,37.4,26.7
1325,37.8,26.5
1326,37.1,26.9
1327,37.0,27.0
1328,37.2,26.9
1329,37.3,26.8
1330,37.8,26.4
1331,37.3,26.8
1332,37.3,26.8
1333,36.5,27.4
1334,37.8,26.4
1335,37.1,27.0
1336,36.8,27.2
1337,37.1,26.9
1338,37.4,26.7
1339,37.3,26.8
1340,38.0,26.3
1341,37.0,27.0
1342,37.1,27.0
1343,38.1,26.2
1344,37.0,27.0
1345,37.5,26.7
1346,36.9,27.1
1347,37.3,26.8
1348,38.1,26.2
1349,37.9,26.4
1350,37.5,26.6
1351,36.3,27.5
1352,37.2,26.9
1353,37.3,26.8
1354,37.6,26.6
1355,37.1,26.9
1356,37.6,26.6
1357,37.4,26.8
1358,38.0,26.3
1359,37.5,26.6
1360,36.9,27.1
1361,37.3,26.8
1362,37.4,26.7
1363,37.5,26.7
1364,36.8,27.1
1365,37.2,26.8
1366,36.8,27.2
1367,37.9,26.4
1368,37.9,26.4
1369,37.4,26.7
1370,37.2,26.9
1371,37.5,26.7
1372,36.8,27.2
1373,37.6,26.6
1374,37.0,27.0
1375,37.4,26.7
1376,37.6,26.6
1377,36.8,27.1
1378,37.2,26.9
1379,37.0,27.0
1380,37.4,26.8
1381,37.0,27.0
1382,36.9,27.1
1383,37.4,26.8
1384,37.2,26.9
1385,37.1,27.0
1386,37.1,26.9
1387,37.3,26.8
1388,37.7,26.5
1389,37.7,26.5
1390,37.4,26.8
1391,37.4,26.7
1392,37.3,26.8
1393,37.7,26.5
1394,37.6,26.6
1395,37.2,26.9
1396,38.2,26.2
1397,37.2,26.9
1398,36.2,27.6
1399,37.8,26.5
1400,37.8,26.5
1401,37.2,26.9
1402,36.8,27.2
1403,37.3,26.8
1404,37.8,26.5
1405,37.3,26.8
1406,37.4,26.8
1407,37.6,26.6
1408,37.1,26.9
1409,37.1,26.9
1410,37.0,27.0
1411,37.9,26.4
1412,36.8,27.2
1413,37.6,26.6
1414,36.9,27.1
1415,37.1,27.0
1416,36.8,27.1
1417,37.6,26.6
1418,37.6,26.6
1419,37.4,26.8
1420,37.8,26.4
1421,37.8,26.5
1422,37.5,26.6
1423,37.8,26.5
1424,37.3,26.8
1425,37.1,26.9
1426,37.3,26.8
1427,37.8,26.5
1428,37.5,26.7
1429,37.5,26.7
1430,37.6,26.6
1431,37.6,26.6
1432,37.1,27.0
1433,37.2,26.9
1434,37.2,26.9
1435,37.7,26.5
1436,37.7,26.5
1437,37.3,26.8
1438,37.4,26.7
1439,37.0,27.1
1440,37.3,26.8
1441,36.6,27.3
1442,37.5,26.7
1443,37.3,26.8
1444,37.4,26.7
1445,37.7,26.6
1446,37.4,26.7
1447,37.6,26.6
1448,37.4,26.7
1449,37.8,26.4
1450,36.9,27.1
1451,37.6,26.6
1452,37.1,26.9
1453,37.1,26.9
1454,37.4,26.7
1455,36.8,27.2
1456,37.4,26.7
1457,37.7,26.5
1458,37.7,26.6
1459,36.8,27.2
1460,37.5,26.7
1461,36.9,27.1
1462,37.4,26.7
1463,38.1,26.2
1464,37.1,27.0
1465,37.2,26.9
1466,37.2,26.9
1467,37.5,26.7
1468,37.7,26.6
1469,37.5,26.7
1470,38.4,26.0
1471,36.9,27.1
1472,36.9,27.1
1473,37.7,26.5
1474,37.6,26.6
1475,37.4,26.7
1476,37.3,26.8
1477,37.2,26.9
1478,37.5,26.7
1479,37.6,26.6
1480,37.3,26.8
1481,37.8,26.5
1482,37.7,26.5
1483,38.0,26.3
1484,37.2,26.9
1485,36.8,27.1
1486,38.3,26.1
1487,37.4,26.7
1488,37.8,26.5
1489,37.5,26.6
1490,37.6,26.6
1491,37.6,26.6
1492,37.9,26.4
1493,37.8,26.5
1494,37.6,26.6
1495,37.8,26.5
1496,37.3,26.8
1497,38.0,26.3
1498,37.3,26.8
1499,36.8,27.2
1500,37.7,26.5
1501,36.5,27.4
1502,38.4,26.1
1503,37.6,26.6
1504,37.3,26.8
1505,37.7,26.5
1506,37.5,26.7
1507,37.3,26.8
1508,37.8,26.5
1509,37.3,26.8
1510,37.0,27.0
1511,37.3,26.8
1512,36.6,27.3
1513,37.4,26.7
1514,37.7,26.5
1515,37.5,26.7
1516,37.9,26.4
1517,36.9,27.1
1518,36.3,27.5
1519,37.6,26.6
1520,37.3,26.8
1521,37.1,26.9
1522,36.7,27.3
1523,36.9,27.1
1524,37.4,26.8
1525,37.5,26.6
1526,37.6,26.6
1527,37.2,26.9
1528,36.5,27.4
1529,37.3,26.8
1530,37.5,26.7
1531,37.2,26.9
1532,38.3,26.1
1533,37.8,26.5
1534,37.1,27.0
1535,37.6,26.6
1536,37.5,26.7
1537,37.0,27.0
1538,37.2,26.8
1539,37.5,26.7
1540,37.8,26.5
1541,37.5,26.6
1542,37.1,26.9
1543,37.6,26.6
1544,37.4,26.7
1545,37.6,26.6
1546,37.2,26.9
1547,37.2,26.8
1548,36.8,27.1
1549,37.0,27.1
1550,37.2,26.9
1551,38.3,26.1
1552,37.5,26.7
1553,37.4,26.7
1554,37.7,26.5
1555,37.5,26.7
1556,37.2,26.9
1557,37.8,26.4
1558,37.7,26.5
1559,38.2,26.2
1560,37.1,26.9
1561,37.8,26.5
1562,37.5,26.7
1563,36.8,27.2
1564,37.2,26.9
1565,37.1,27.0
1566,37.5,26.7
1567,37.5,26.7
1568,37.0,27.1
1569,37.5,26.6
1570,36.9,27.1
1571,38.1,26.2
1572,36.8,27.2
1573,36.6,27.3
1574,36.3,27.6
1575,37.4,26.7
1576,37.9,26.4
1577,38.2,26.2
1578,37.6,26.6
1579,37.4,26.7
1580,36.5,27.4
1581,37.3,26.8
1582,38.0,26.3
1583,37.1,26.9
1584,38.0,26.3
1585,37.2,26.9
1586,37.2,26.9
1587,37.8,26.5
1588,37.6,26.6
1589,38.1,26.2
1590,37.8,26.5
1591,37.4,26.7
1592,37.4,26.8
1593,37.0,27.0
1594,37.7,26.5
1595,37.5,26.7
1596,37.7,26.5
1597,37.4,26.8
1598,37.8,26.5
1599,37.8,26.5
1600,38.0,26.3
1601,37.5,26.7
1602,37.9,26.4
1603,37.5,26.6
1604,38.1,26.3
1605,37.2,26.9
1606,37.5,26.6
1607,37.1,27.0
1608,37.6,26.6
1609,37.0,27.1
1610,36.9,27.1
1611,37.4,26.8
1612,37.2,26.9
1613,36.8,27.2
1614,37.3,26.8
1615,37.0,27.0
1616,36.8,27.1
1617,38.1,26.3
1618,36.9,27.1
1619,36.9,27.1
1620,37.7,26.5
1621,37.4,26.7
1622,37.6,26.6
1623,38.1,26.2
1624,37.0,27.0
1625,37.2,26.9
1626,37.1,27.0
1627,37.3,26.8
1628,37.4,26.7
1629,37.4,26.7
1630,37.7,26.5
1631,37.6,26.6
1632,37.3,26.8
1633,37.6,26.6
1634,37.7,26.5
1635,36.8,27.2
1636,37.6,26.6
1637,38.1,26.3
1638,37.9,26.4
1639,37.1,27.0
1640,36.8,27.1
1641,37.7,26.6
1642,36.8,27.2
1643,37.6,26.6
1644,37.0,27.1
1645,37.2,26.9
1646,36.9,27.1
1647,37.1,27.0
1648,36.8,27.2
1649,36.5,27.4
1650,36.7,27.2
1651,37.8,26.4
1652,37.2,26.9
1653,37.2,26.9
1654,37.7,26.5
1655,37.2,26.9
1656,37.7,26.5
1657,37.2,26.9
1658,37.8,26.5
1659,37.4,26.7
1660,37.4,26.8
1661,36.8,27.2
1662,36.5,27.4
1663,37.5,26.6
1664,37.6,26.6
1665,37.6,26.6
1666,37.4,26.8
1667,37.0,27.0
1668,38.1,26.3
1669,37.2,26.9
1670,37.5,26.6
1671,37.4,26.8
1672,36.9,27.1
1673,37.7,26.5
1674,37.4,26.7
1675,37.4,26.7
1676,37.8,26.5
1677,37.2,26.9
1678,37.2,26.9
1679,37.2,26.9
1680,37.9,26.4
1681,36.8,27.1
1682,38.1,26.2
1683,37.4,26.8
1684,37.3,26.8
1685,37.8,26.5
1686,37.4,26.7
1687,38.1,26.2
1688,37.9,26.4
1689,37.0,27.0
1690,37.6,26.6
1691,37.8,26.5
1692,37.0,27.0
1693,37.5,26.6
1694,37.7,26.5
1695,37.5,26.6
1696,37.4,26.7
1697,37.0,27.0
1698,36.8,27.1
1699,36.9,27.1
1700,37.0,27.0
1701,37.1,26.9
1702,37.5,26.7
1703,37.7,26.5
1704,37.4,26.8
1705,37.6,26.6
1706,37.6,26.6
1707,37.5,26.7
1708,36.7,27.2
1709,37.4,26.7
1710,37.9,26.4
1711,37.4,26.7
1712,37.2,26.9
1713,36.9,27.1
1714,37.5,26.7
1715,37.2,26.9
1716,37.6,26.6
1717,37.0,27.1
1718,38.1,26.2
1719,37.1,27.0
1720,37.7,26.5
1721,37.5,26.7
1722,37.9,26.4
1723,37.3,26.8
1724,37.3,26.8
1725,37.1,27.0
1726,37.4,26.8
1727,36.3,27.6
1728,38.2,26.2
1729,37.2,26.9
1730,37.4,26.7
1731,37.9,26.4
1732,37.8,26.4
1733,37.3,26.8
1734,36.7,27.2
1735,37.7,26.5
1736,37.5,26.7
1737,36.9,27.1
1738,37.5,26.7
1739,38.2,26.2
1740,37.5,26.7
1741,37.6,26.6
1742,36.9,27.1
1743,37.1,27.0
1744,37.3,26.8
1745,37.2,26.9
1746,37.8,26.4
1747,37.6,26.6
1748,36.8,27.2
1749,37.1,27.0
1750,37.0,27.0
1751,37.9,26.4
1752,37.9,26.4
1753,36.9,27.1
1754,37.5,26.6
1755,36.9,27.1
1756,37.4,26.7
1757,37.7,26.6
1758,36.5,27.4
1759,38.1,26.3
1760,37.2,26.9
1761,37.6,26.6
1762,37.4,26.8
1763,37.7,26.5
1764,37.7,26.5
1765,37.9,26.4
1766,37.5,26.7
1767,38.1,26.3
1768,38.1,26.3
1769,37.5,26.7
1770,37.5,26.7
1771,37.8,26.4
1772,38.0,26.3
1773,37.7,26.5
1774,37.3,26.8
1775,37.6,26.6
1776,37.7,26.5
1777,37.9,26.4
1778,37.5,26.7
1779,37.9,26.4
1780,37.9,26.4
1781,38.3,26.1
1782,37.4,26.8
1783,37.8,26.5
1784,36.2,27.6
1785,37.3,26.8
1786,36.7,27.3
1787,36.3,27.6
1788,37.8,26.4
1789,37.6,26.6
1790,37.6,26.6
1791,37.1,27.0
1792,37.8,26.5
1793,37.5,26.6
1794,37.7,26.5
1795,37.6,26.6
1796,37.5,26.7
1797,37.2,26.9
1798,37.6,26.6
1799,36.6,27.3
1800,37.2,26.9
1801,37.4,26.7
1802,37.0,27.0
1803,37.0,27.0
1804,37.5,26.7
1805,37.4,26.8
1806,38.1,26.3
1807,37.4,26.8
1808,37.8,26.4
1809,37.4,26.7
1810,37.9,26.4
1811,37.5,26.6
1812,37.3,26.8
1813,37.6,26.6
1814,37.5,26.7
1815,37.8,26.5
1816,37.7,26.6
1817,37.2,26.9
1818,37.2,26.9
1819,37.7,26.5
1820,37.9,26.4
1821,37.8,26.4
1822,37.5,26.7
1823,37.3,26.8
1824,37.5,26.7
1825,37.6,26.6
1826,36.9,27.1
1827,37.5,26.6
1828,37.1,27.0
1829,37.8,26.5
1830,37.4,26.7
1831,37.4,26.7
1832,37.5,26.7
1833,37.7,26.5
1834,37.6,26.6
1835,37.8,26.5
1836,37.8,26.4
1837,37.4,26.8
1838,37.1,27.0
1839,37.3,26.8
1840,37.1,26.9
1841,37.2,26.9
1842,37.6,26.6
1843,36.5,27.4
1844,37.8,26.5
1845,37.3,26.8
1846,37.5,26.6
1847,37.8,26.4
1848,36.9,27.1
1849,37.8,26.5
1850,37.1,27.0
1851,37.7,26.5
1852,36.7,27.3
1853,37.6,26.6
1854,37.5,26.7
1855,37.3,26.8
1856,37.2,26.9
1857,37.2,26.9
1858,36.8,27.1
1859,36.8,27.2
1860,37.7,26.6
1861,37.5,26.7
1862,37.6,26.6
1863,37.6,26.6
1864,37.6,26.6
1865,37.5,26.7
1866,37.2,26.8
1867,37.9,26.4
1868,37.4,26.8
1869,37.7,26.5
1870,37.5,26.7
1871,37.2,26.9
1872,38.0,26.3
1873,37.5,26.7
1874,37.7,26.5
1875,36.2,27.6
1876,37.8,26.5
1877,37.2,26.9
1878,37.6,26.6
1879,36.9,27.1
1880,38.0,26.3
1881,38.0,26.3
1882,37.3,26.8
1883,36.9,27.1
1884,37.4,26.7
1885,37.3,26.8
1886,37.2,26.9
1887,37.4,26.8
1888,37.3,26.8
1889,37.2,26.9
1890,36.5,27.4
1891,37.7,26.6
1892,37.7,26.6
1893,37.9,26.4
1894,37.7,26.5
1895,37.8,26.5
1896,37.6,26.6
1897,37.1,27.0
1898,36.5,27.4
1899,37.5,26.7
1900,36.8,27.2
1901,38.0,26.3
1902,37.5,26.7
1903,36.8,27.2
1904,37.5,26.7
1905,37.3,26.8
1906,38.0,26.3
1907,37.1,27.0
1908,37.4,26.8
1909,37.7,26.5
1910,36.9,27.1
1911,36.8,27.1
1912,37.9,26.4
1913,37.6,26.6
1914,37.9,26.4
1915,37.8,26.4
1916,37.4,26.7
1917,37.0,27.0
1918,37.2,26.9
1919,37.6,26.6
1920,37.2,26.9
1921,37.5,26.6
1922,37.4,26.8
1923,37.8,26.5
1924,36.9,27.1
1925,38.0,26.3
1926,36.8,27.2
1927,36.9,27.1
1928,37.3,26.8
1929,37.1,27.0
1930,36.6,27.3
1931,37.3,26.8
1932,37.1,26.9
1933,37.4,26.8
1934,37.3,26.8
1935,37.1,27.0
1936,37.0,27.0
1937,38.1,26.2
1938,38.3,26.1
1939,38.1,26.3
1940,38.0,26.3
1941,37.7,26.6
1942,37.0,27.0
1943,37.5,26.7
1944,37.1,27.0
1945,37.5,26.7
1946,37.9,26.4
1947,37.4,26.7
1948,37.2,26.9
1949,37.0,27.0
1950,36.7,27.2
1951,37.2,26.9
1952,37.5,26.6
1953,37.6,26.6
1954,37.6,26.6
1955,37.0,27.0
1956,37.0,27.0
1957,37.9,26.4
1958,37.6,26.6
1959,37.7,26.5
1960,37.7,26.5
1961,37.4,26.7
1962,37.6,26.6
1963,37.1,27.0
1964,37.1,26.9
1965,37.3,26.8
1966,38.1,26.3
1967,37.7,26.5
1968,36.8,27.2
1969,37.1,26.9
1970,37.6,26.6
1971,37.9,26.4
1972,37.9,26.4
1973,37.6,26.6
1974,37.2,26.9
1975,37.7,26.6
1976,36.8,27.2
1977,36.7,27.2
1978,37.5,26.6
1979,37.6,26.6
1980,37.6,26.6
1981,37.8,26.5
1982,38.0,26.3
1983,37.3,26.8
1984,37.2,26.9
1985,37.0,27.0
1986,36.8,27.1
1987,38.0,26.3
1988,37.3,26.8
1989,37.4,26.7
1990,37.2,26.9
1991,37.8,26.4
1992,37.1,27.0
1993,37.2,26.9
1994,37.6,26.6
1995,37.8,26.5
1996,37.0,27.0
1997,37.1,27.0
1998,37.3,26.8
1999,38.0,26.3
2000,37.5,26.6
2001,37.8,26.5
2002,37.6,26.6
2003,37.3,26.8
2004,37.6,26.6
2005,38.5,26.0
2006,38.0,26.3
2007,37.5,26.7
2008,38.3,26.1
2009,36.7,27.2
2010,37.3,26.8
2011,38.3,26.1
2012,37.1,27.0
2013,37.7,26.5
2014,37.6,26.6
2015,37.9,26.4
2016,37.3,26.8
2017,37.0,27.0
2018,37.9,26.4
2019,37.3,26.8
2020,36.9,27.1
2021,37.3,26.8
2022,37.6,26.6
2023,37.7,26.5
2024,36.8,27.2
2025,37.0,27.0
2026,37.4,26.7
2027,37.4,26.8
2028,37.4,26.7
2029,37.3,26.8
2030,37.4,26.8
2031,37.4,26.7
2032,38.0,26.3
2033,36.1,27.7
2034,36.9,27.1
2035,36.5,27.4
2036,37.2,26.9
2037,37.0,27.0
2038,37.3,26.8
2039,36.9,27.1
2040,37.9,26.4
2041,37.3,26.8
2042,37.3,26.8
2043,37.0,27.1
2044,37.5,26.6
2045,37.9,26.4
2046,37.1,26.9
2047,37.6,26.6
2048,36.8,27.1
2049,36.7,27.3
2050,37.5,26.7
2051,38.0,26.3
2052,37.5,26.6
2053,37.3,26.8
2054,37.1,27.0
2055,37.2,26.9
2056,37.7,26.5
2057,37.0,27.0
2058,37.8,26.5
2059,36.9,27.1
2060,37.0,27.0
2061,37.8,26.4
2062,37.4,26.7
2063,37.3,26.8
2064,37.9,26.4
2065,37.2,26.9
2066,37.4,26.8
2067,37.5,26.6
2068,37.4,26.7
2069,37.6,26.6
2070,38.6,25.9
2071,37.7,26.6
2072,37.4,26.7
2073,37.2,26.9
2074,37.9,26.4
2075,37.5,26.7
2076,37.1,27.0
2077,37.5,26.6
2078,37.2,26.9
2079,37.3,26.8
2080,37.1,26.9
2081,38.2,26.2
2082,37.0,27.0
2083,37.2,26.8
2084,38.1,26.3
2085,37.9,26.4
2086,36.9,27.1
2087,36.9,27.1
2088,36.8,27.2
2089,36.9,27.1
2090,38.0,26.3
2091,37.4,26.7
2092,37.5,26.7
2093,37.2,26.9
2094,37.7,26.6
2095,38.0,26.3
2096,37.3,26.8
2097,37.6,26.6
2098,37.7,26.5
2099,36.6,27.3
2100,37.7,26.5
2101,38.1,26.3
2102,36.7,27.3
2103,36.8,27.2
2104,37.5,26.6
2105,37.5,26.7
2106,37.1,27.0
2107,36.7,27.2
2108,36.9,27.1
2109,37.4,26.7
2110,37.6,26.6
2111,37.1,27.0
2112,37.5,26.6
2113,37.0,27.0
2114,38.7,25.8
2115,37.5,26.6
2116,37.2,26.9
2117,37.1,26.9
2118,37.4,26.7
2119,37.5,26.6
2120,37.2,26.9
2121,37.3,26.8
2122,37.6,26.6
2123,37.6,26.6
2124,37.4,26.8
2125,37.3,26.8
2126,36.9,27.1
2127,37.4,26.7
2128,38.0,26.3
2129,36.8,27.2
2130,37.8,26.5
2131,37.0,27.0
2132,36.9,27.1
2133,37.3,26.8
2134,37.2,26.9
2135,37.4,26.7
2136,36.9,27.1
2137,37.8,26.5
2138,37.5,26.7
2139,36.9,27.1
2140,37.4,26.7
2141,37.3,26.8
2142,37.8,26.4
2143,37.5,26.7
2144,37.6,26.6
2145,37.8,26.4
2146,36.5,27.4
2147,37.5,26.7
2148,37.1,26.9
2149,37.2,26.9
2150,37.2,26.9
2151,37.8,26.4
2152,37.6,26.6
2153,37.0,27.0
2154,37.3,26.8
2155,36.5,27.4
2156,37.5,26.7
2157,37.3,26.8
2158,37.4,26.7
2159,37.6,26.6
2160,37.8,26.4
2161,37.9,26.4
2162,37.4,26.7
2163,37.8,26.5
2164,37.0,27.0
2165,37.4,26.7
2166,37.2,26.9
2167,38.0,26.3
2168,37.1,27.0
2169,37.6,26.6
2170,37.4,26.8
2171,38.4,26.1
2172,37.5,26.7
2173,38.1,26.3
2174,37.1,26.9
2175,37.8,26.5
2176,37.3,26.8
2177,37.5,26.7
2178,37.1,27.0
2179,37.7,26.6
2180,36.6,27.3
2181,37.1,26.9
2182,37.4,26.7
2183,36.7,27.2
2184,38.2,26.2
2185,37.1,26.9
2186,37.3,26.8
2187,37.2,26.9
2188,37.7,26.5
2189,37.8,26.4
2190,37.6,26.6
2191,37.3,26.8
2192,37.2,26.9
2193,37.3,26.8
2194,37.1,26.9
2195,38.0,26.3
2196,37.5,26.7
2197,37.2,26.9
2198,36.9,27.1
2199,36.8,27.2
2200,37.1,27.0
2201,37.8,26.4
2202,37.4,26.7
2203,37.5,26.7
2204,37.2,26.9
2205,37.3,26.8
2206,37.7,26.5
2207,37.4,26.7
2208,37.1,27.0
2209,36.5,27.4
2210,36.7,27.3
2211,37.6,26.6
2212,37.4,26.8
2213,37.3,26.8
2214,37.7,26.5
2215,37.4,26.8
2216,37.9,26.4
2217,37.4,26.7
2218,37.3,26.8
2219,36.5,27.4
2220,37.5,26.7
2221,37.1,27.0
2222,37.0,27.0
2223,37.3,26.8
2224,37.5,26.6
2225,37.5,26.7
2226,37.4,26.7
2227,37.0,27.0
2228,37.0,27.0
2229,37.3,26.8
2230,37.8,26.4
2231,36.9,27.1
2232,37.0,27.0
2233,37.2,26.9
2234,38.1,26.2
2235,36.7,27.3
2236,37.1,26.9
2237,37.2,26.9
2238,38.0,26.3
2239,37.4,26.7
2240,37.7,26.5
2241,36.9,27.1
2242,37.1,27.0
2243,37.3,26.8
2244,37.2,26.9
2245,37.7,26.5
2246,37.2,26.9
2247,37.7,26.5
2248,37.6,26.6
2249,37.1,26.9
2250,37.0,27.0
2251,37.5,26.7
2252,37.2,26.9
2253,37.6,26.6
2254,37.4,26.7
2255,36.4,27.5
2256,38.0,26.3
2257,37.7,26.5
2258,37.3,26.8
2259,37.4,26.7
2260,38.1,26.3
2261,37.8,26.5
2262,37.4,26.8
2263,37.3,26.8
2264,37.1,27.0
2265,37.5,26.7
2266,37.4,26.7
2267,36.7,27.2
2268,37.5,26.7
2269,38.3,26.1
2270,37.9,26.4
2271,37.3,26.8
2272,37.4,26.7
2273,37.1,26.9
2274,37.9,26.4
2275,36.9,27.1
2276,37.8,26.5
2277,37.2,26.9
2278,37.1,26.9
2279,37.3,26.8
2280,37.1,27.0
2281,37.4,26.7
2282,36.8,27.2
2283,37.8,26.5
2284,37.5,26.7
2285,37.3,26.8
2286,37.2,26.9
2287,36.2,27.6
2288,37.7,26.5
2289,38.2,26.2
2290,38.0,26.3
2291,37.6,26.6
2292,37.5,26.6
2293,37.3,26.8
2294,36.7,27.3
2295,37.7,26.5
2296,37.3,26.8
2297,36.8,27.2
2298,37.5,26.7
2299,37.5,26.7
2300,38.1,26.2
2301,37.0,27.0
2302,38.2,26.2
2303,36.4,27.5
2304,37.5,26.7
2305,37.3,26.8
2306,37.8,26.4
2307,38.3,26.1
2308,37.0,27.0
2309,37.7,26.5
2310,37.5,26.7
2311,37.8,26.5
2312,37.6,26.6
2313,37.9,26.4
2314,37.5,26.6
2315,37.2,26.9
2316,36.7,27.3
2317,37.7,26.5
2318,37.1,27.0
2319,37.3,26.8
2320,37.3,26.8
2321,37.4,26.7
2322,37.2,26.9
2323,36.7,27.2
2324,37.5,26.6
2325,37.4,26.8
2326,36.9,27.1
2327,37.4,26.7
2328,37.4,26.7
2329,37.8,26.5
2330,37.6,26.6
2331,37.1,27.0
2332,37.1,26.9
2333,37.0,27.0
2334,38.0,26.3
2335,37.4,26.8
2336,36.9,27.1
2337,37.1,27.0
2338,37.1,26.9
2339,37.3,26.8
2340,37.3,26.8
2341,36.7,27.2
2342,37.4,26.8
2343,37.5,26.7
2344,37.6,26.6
2345,37.8,26.4
2346,37.5,26.6
2347,37.6,26.6
2348,37.6,26.6
2349,37.7,26.5
2350,37.7,26.5
2351,36.4,27.4
2352,36.9,27.1
2353,37.7,26.5
2354,37.2,26.9
2355,37.0,27.0
2356,37.1,26.9
2357,36.8,27.1
2358,36.8,27.1
2359,37.1,27.0
2360,37.7,26.5
2361,36.7,27.2
2362,37.1,27.0
2363,37.9,26.4
2364,37.9,26.4
2365,37.2,26.9
2366,37.6,26.6
2367,37.9,26.4
2368,37.4,26.8
2369,37.7,26.5
2370,37.2,26.9
2371,36.9,27.1
2372,36.4,27.5
2373,37.4,26.7
2374,37.5,26.6
2375,37.4,26.7
2376,38.3,26.1
2377,37.3,26.8
2378,36.7,27.3
2379,37.2,26.9
2380,37.8,26.4
2381,36.8,27.2
2382,37.4,26.7
2383,37.4,26.7
2384,37.2,26.9
2385,37.5,26.7
2386,37.8,26.5
2387,37.3,26.8
2388,37.4,26.7
2389,37.3,26.8
2390,37.5,26.6
2391,38.0,26.3
2392,37.5,26.6
2393,36.9,27.1
2394,37.3,26.8
2395,37.4,26.8
2396,37.3,26.8
2397,38.0,26.3
2398,37.2,26.9
2399,36.8,27.2
2400,37.9,26.4
2401,37.0,27.0
2402,37.8,26.4
2403,37.8,26.4
2404,37.5,26.7
2405,37.4,26.8
2406,37.2,26.9
2407,37.5,26.7
2408,37.1,26.9
2409,37.2,26.9
2410,37.4,26.7
2411,37.5,26.7
2412,38.0,26.3
2413,37.0,27.0
2414,38.3,26.1
2415,36.8,27.2
2416,37.3,26.8
2417,37.6,26.6
2418,37.1,27.0
2419,37.4,26.8
2420,37.6,26.6
2421,37.9,26.4
2422,37.9,26.4
2423,38.4,26.1
2424,36.5,27.4
2425,37.1,26.9
2426,37.7,26.5
2427,37.9,26.4
2428,37.6,26.6
2429,36.7,27.2
2430,37.8,26.5
2431,37.2,26.9
2432,37.6,26.6
2433,36.5,27.4
2434,37.6,26.6
2435,37.5,26.6
2436,37.7,26.5
2437,36.8,27.2
2438,37.0,27.0
2439,37.6,26.6
2440,37.9,26.4
2441,37.2,26.9
2442,37.7,26.5
2443,37.5,26.7
2444,37.1,26.9
2445,37.2,26.9
2446,38.0,26.3
2447,36.6,27.3
2448,38.2,26.2
2449,37.6,26.6
2450,37.3,26.8
2451,37.6,26.6
2452,37.2,26.9
2453,37.2,26.9
2454,37.7,26.5
2455,37.4,26.8
2456,37.9,26.4
2457,36.7,27.2
2458,37.6,26.6
2459,37.1,26.9
2460,37.3,26.8
2461,36.7,27.3
2462,37.6,26.6
2463,36.8,27.2
2464,37.5,26.7
2465,36.9,27.1
2466,37.5,26.7
2467,37.1,27.0
2468,36.5,27.4
2469,37.9,26.4
2470,37.6,26.6
2471,38.1,26.2
2472,37.3,26.8
2473,37.6,26.6
2474,36.7,27.3
2475,36.8,27.1
2476,37.6,26.6
2477,37.7,26.6
2478,37.8,26.4
2479,37.7,26.5
2480,37.5,26.6
2481,37.6,26.6
2482,37.6,26.6
2483,37.1,27.0
2484,37.3,26.8
2485,37.0,27.1
2486,37.2,26.8
2487,37.2,26.9
2488,37.2,26.9
2489,36.9,27.1
2490,37.5,26.7
2491,37.7,26.6
2492,37.5,26.7
2493,37.8,26.5
2494,38.1,26.3
2495,37.8,26.5
2496,37.4,26.8
2497,37.2,26.9
2498,37.5,26.7
2499,37.4,26.7
2500,37.7,26.5
2501,37.6,26.6
2502,37.4,26.7
2503,37.7,26.5
2504,37.9,26.4
2505,37.5,26.7
2506,37.6,26.6
2507,37.3,26.8
2508,37.5,26.7
2509,37.0,27.0
2510,37.2,26.9
2511,37.4,26.7
2512,37.8,26.5
2513,37.8,26.4
2514,37.1,26.9
2515,37.0,27.0
2516,37.1,26.9
2517,37.4,26.7
2518,38.0,26.3
2519,38.0,26.3
2520,37.7,26.5
2521,37.3,26.8
2522,37.6,26.6
2523,36.9,27.1
2524,37.8,26.4
2525,37.4,26.7
2526,37.5,26.7
2527,37.6,26.6
2528,37.9,26.4
2529,36.8,27.2
2530,37.4,26.7
2531,37.7,26.5
2532,37.4,26.7
2533,37.4,26.8
2534,37.3,26.8
2535,36.6,27.3
2536,37.5,26.6
2537,38.0,26.3
2538,36.9,27.1
2539,37.1,27.0
2540,37.7,26.5
2541,37.6,26.6
2542,37.9,26.4
2543,37.6,26.6
2544,37.0,27.0
2545,37.8,26.4
2546,38.1,26.3
2547,36.9,27.1
2548,37.6,26.6
2549,37.4,26.8
2550,37.6,26.6
2551,37.5,26.6
2552,36.7,27.3
2553,37.5,26.7
2554,38.0,26.3
2555,37.3,26.8
2556,37.5,26.7
2557,36.6,27.3
2558,37.5,26.7
2559,37.2,26.9
2560,37.5,26.6
2561,37.8,26.4
2562,37.4,26.8
2563,37.5,26.7
2564,37.3,26.8
2565,36.4,27.4
2566,37.6,26.6
2567,37.0,27.1
2568,37.1,27.0
2569,37.0,27.0
2570,37.9,26.4
2571,37.8,26.4
2572,37.2,26.9
2573,38.2,26.2
2574,36.9,27.1
2575,37.6,26.6
2576,36.9,27.1
2577,37.4,26.7
2578,37.1,26.9
2579,37.4,26.8
2580,37.1,27.0
2581,37.2,26.9
2582,37.7,26.6
2583,36.9,27.1
2584,37.4,26.7
2585,37.4,26.8
2586,37.6,26.6
2587,37.3,26.8
2588,37.6,26.6
2589,38.0,26.3
2590,37.5,26.7
2591,37.7,26.5
2592,37.6,26.6
2593,37.3,26.8
2594,37.7,26.5
2595,38.2,26.2
2596,37.0,27.0
2597,37.7,26.5
2598,37.8,26.4
2599,37.6,26.6
2600,36.9,27.1
2601,37.5,26.6
2602,37.4,26.8
2603,37.2,26.9
2604,37.4,26.7
2605,36.9,27.1
2606,37.4,26.8
2607,37.0,27.0
2608,37.7,26.5
2609,37.3,26.8
2610,36.7,27.2
2611,36.5,27.4
2612,37.2,26.9
2613,37.9,26.4
2614,37.3,26.8
2615,37.3,26.8
2616,37.1,27.0
2617,37.5,26.7
2618,37.3,26.8
2619,37.7,26.5
2620,37.8,26.4
2621,37.7,26.5
2622,37.2,26.9
2623,37.3,26.8
2624,36.8,27.1
2625,38.1,26.3
2626,37.5,26.7
2627,36.9,27.1
2628,37.4,26.7
2629,37.6,26.6
2630,37.3,26.8
2631,37.6,26.6
2632,37.1,26.9
2633,36.9,27.1
2634,37.6,26.6
2635,37.5,26.7
2636,37.9,26.4
2637,37.5,26.7
2638,37.3,26.8
2639,37.4,26.7
2640,37.4,26.7
2641,37.4,26.7
2642,36.9,27.1
2643,36.6,27.3
2644,37.2,26.9
2645,37.5,26.7
2646,37.7,26.5
2647,37.0,27.0
2648,38.0,26.3
2649,37.5,26.6
2650,37.6,26.6
2651,36.9,27.1
2652,37.3,26.8
2653,37.5,26.6
2654,36.8,27.2
2655,37.1,26.9
2656,36.9,27.1
2657,37.1,27.0
2658,37.5,26.7
2659,37.2,26.9
2660,37.3,26.8
2661,37.1,27.0
2662,38.0,26.3
2663,37.3,26.8
2664,37.7,26.5
2665,37.3,26.8
2666,37.1,27.0
2667,37.2,26.9
2668,37.0,27.0
2669,37.6,26.6
2670,36.8,27.1
2671,37.3,26.8
2672,37.3,26.8
2673,37.8,26.4
2674,36.9,27.1
2675,37.0,27.0
2676,36.9,27.1
2677,37.0,27.1
2678,37.7,26.5
2679,36.7,27.2
2680,37.7,26.5
2681,37.2,26.9
2682,37.8,26.5
2683,37.9,26.4
2684,37.1,26.9
2685,38.1,26.3
2686,37.2,26.9
2687,37.7,26.5
2688,37.0,27.1
2689,36.7,27.3
2690,37.3,26.8
2691,37.7,26.6
2692,37.7,26.5
2693,37.6,26.6
2694,36.9,27.1
2695,37.1,26.9
2696,37.5,26.7
2697,36.9,27.1
2698,36.8,27.2
2699,37.5,26.7
2700,36.8,27.1
2701,38.0,26.3
2702,37.6,26.6
2703,37.6,26.6
2704,37.6,26.6
2705,37.3,26.8
2706,37.2,26.9
2707,37.2,26.9
2708,37.4,26.7
2709,38.2,26.2
2710,37.3,26.8
2711,37.4,26.7
2712,37.9,26.4
2713,37.1,26.9
2714,37.5,26.7
2715,38.6,25.9
2716,36.4,27.4
2717,37.0,27.0
2718,37.9,26.4
2719,36.9,27.1
2720,37.6,26.6
2721,37.4,26.8
2722,37.9,26.4
2723,37.7,26.5
2724,37.0,27.0
2725,37.2,26.9
2726,37.4,26.8
2727,37.2,26.9
2728,36.8,27.2
2729,37.3,26.8
2730,37.1,27.0
2731,37.6,26.6
2732,37.0,27.0
2733,37.1,27.0
2734,37.3,26.8
2735,37.0,27.1
2736,38.1,26.2
2737,36.8,27.1
2738,37.5,26.7
2739,37.3,26.8
2740,37.9,26.4
2741,37.5,26.7
2742,37.2,26.9
2743,37.2,26.9
2744,37.0,27.0
2745,36.5,27.4
2746,37.7,26.5
2747,37.2,26.9
2748,37.8,26.4
2749,37.5,26.6
2750,37.0,27.1
2751,37.7,26.5
2752,37.3,26.8
2753,37.2,26.9
2754,37.3,26.8
2755,37.2,26.8
2756,37.6,26.6
2757,37.9,26.4
2758,38.1,26.2
2759,37.0,27.0
2760,37.1,26.9
2761,37.2,26.9
2762,37.5,26.7
2763,36.8,27.2
2764,37.4,26.7
2765,36.7,27.2
2766,37.5,26.6
2767,38.0,26.3
2768,37.5,26.7
2769,37.7,26.5
2770,38.0,26.3
2771,38.0,26.3
2772,37.4,26.7
2773,37.9,26.4
2774,37.6,26.6
2775,38.1,26.3
2776,37.6,26.6
2777,37.6,26.6
2778,37.5,26.7
2779,37.2,26.9
2780,37.7,26.5
2781,37.3,26.8
2782,37.4,26.8
2783,37.4,26.7
2784,37.2,26.9
2785,37.1,27.0
2786,37.0,27.0
2787,37.3,26.8
2788,37.5,26.7
2789,37.3,26.8
2790,37.9,26.4
2791,37.5,26.7
2792,38.4,26.1
2793,37.1,27.0
2794,37.7,26.5
2795,37.6,26.6
2796,37.5,26.6
2797,37.1,26.9
2798,37.6,26.6
2799,37.4,26.8
2800,37.2,26.9
2801,37.3,26.8
2802,36.8,27.2
2803,37.4,26.7
2804,37.0,27.0
2805,36.8,27.1
2806,37.8,26.5
2807,37.3,26.8
2808,37.8,26.5
2809,36.7,27.2
2810,38.3,26.1
2811,37.0,27.1
2812,37.3,26.8
2813,38.1,26.3
2814,37.3,26.8
2815,37.4,26.7
2816,37.2,26.9
2817,37.6,26.6
2818,38.0,26.3
2819,37.6,26.6
2820,37.0,27.0
2821,37.3,26.8
2822,37.1,26.9
2823,36.9,27.1
2824,37.4,26.8
2825,37.2,26.9
2826,37.7,26.5
2827,37.3,26.8
2828,37.9,26.4
2829,37.3,26.8
2830,37.4,26.7
2831,37.3,26.8
2832,38.1,26.2
2833,37.1,26.9
2834,38.0,26.3
2835,37.6,26.6
2836,37.5,26.7
2837,37.2,26.9
2838,37.6,26.6
2839,37.7,26.6
2840,37.1,27.0
2841,37.3,26.8
2842,36.8,27.2
2843,37.9,26.4
2844,36.5,27.4
2845,37.6,26.6
2846,37.4,26.8
2847,37.4,26.7
2848,37.3,26.8
2849,36.9,27.1
2850,37.6,26.6
2851,37.6,26.6
2852,37.0,27.0
2853,37.7,26.5
2854,37.4,26.7
2855,37.4,26.7
2856,37.9,26.4
2857,37.2,26.9
2858,37.9,26.4
2859,37.2,26.9
2860,37.7,26.5
2861,36.9,27.1
2862,37.4,26.7
2863,38.3,26.1
2864,36.8,27.2
2865,37.7,26.5
2866,37.5,26.7
2867,37.5,26.7
2868,37.3,26.8
2869,37.5,26.7
2870,37.4,26.8
2871,37.2,26.9
2872,37.2,26.9
2873,37.6,26.6
2874,37.3,26.8
2875,37.5,26.7
2876,37.2,26.9
2877,36.7,27.2
2878,36.2,27.6
2879,37.7,26.5
2880,36.9,27.1
2881,36.9,27.1
2882,37.9,26.4
2883,37.7,26.5
2884,37.5,26.7
2885,37.8,26.4
2886,37.4,26.7
2887,36.9,27.1
2888,37.7,26.5
2889,37.0,27.0
2890,36.9,27.1
2891,37.6,26.6
2892,37.1,27.0
2893,37.4,26.8
2894,36.6,27.4
2895,37.1,26.9
2896,37.9,26.4
2897,37.5,26.7
2898,37.6,26.6
2899,37.6,26.6
2900,37.7,26.5
2901,37.3,26.8
2902,37.2,26.9
2903,37.3,26.8
2904,36.9,27.1
2905,38.0,26.3
2906,37.7,26.5
2907,37.4,26.7
2908,37.6,26.6
2909,36.8,27.2
2910,37.5,26.7
2911,37.4,26.7
2912,37.4,26.8
2913,37.9,26.4
2914,37.1,26.9
2915,38.0,26.3
2916,37.7,26.5
2917,38.3,26.1
2918,37.4,26.7
2919,37.7,26.5
2920,38.2,26.2
2921,37.4,26.7
2922,37.1,26.9
2923,37.2,26.9
2924,37.4,26.8
2925,37.9,26.4
2926,37.3,26.8
2927,37.8,26.4
2928,37.5,26.7
2929,37.5,26.6
2930,37.2,26.9
2931,37.3,26.8
2932,37.4,26.8
2933,37.5,26.7
2934,37.2,26.9
2935,37.2,26.9
2936,36.9,27.1
2937,37.9,26.4
2938,37.7,26.5
2939,37.4,26.7
2940,37.6,26.6
2941,37.2,26.8
2942,37.2,26.9
2943,37.1,27.0
2944,37.9,26.4
2945,37.2,26.9
2946,37.4,26.7
2947,37.6,26.6
2948,37.5,26.6
2949,36.8,27.2
2950,37.5,26.7
2951,37.0,27.0
2952,36.9,27.1
2953,37.2,26.9
2954,37.3,26.8
2955,37.2,26.9
2956,37.5,26.7
2957,36.9,27.1
2958,37.9,26.4
2959,37.5,26.7
2960,38.4,26.1
2961,37.3,26.8
2962,37.5,26.7
2963,36.8,27.1
2964,36.7,27.2
2965,37.8,26.5
2966,37.1,26.9
2967,37.2,26.9
2968,37.6,26.6
2969,36.6,27.3
2970,37.6,26.6
2971,37.9,26.4
2972,36.8,27.2
2973,37.5,26.7
2974,37.3,26.8
2975,37.6,26.6
2976,37.9,26.4
2977,38.2,26.2
2978,38.2,26.2
2979,37.9,26.4
2980,37.3,26.8
2981,37.7,26.5
2982,37.3,26.8
2983,36.9,27.1
2984,37.8,26.5
2985,37.6,26.6
2986,37.1,27.0
2987,37.1,26.9
2988,37.5,26.7
2989,37.7,26.6
2990,37.6,26.6
2991,37.4,26.7
2992,37.0,27.0
2993,36.9,27.1
2994,37.5,26.7
2995,37.1,27.0
2996,37.5,26.7
2997,37.2,26.9
2998,37.2,26.9
2999,37.9,26.4
3000,37.8,26.4
3001,36.9,27.1
3002,37.5,26.7
3003,37.8,26.5
3004,37.4,26.8
3005,37.2,26.9
3006,37.4,26.7
3007,36.9,27.1
3008,37.4,26.7
3009,37.6,26.6
3010,37.4,26.7
3011,38.0,26.3
3012,37.5,26.6
3013,37.7,26.5
3014,37.9,26.4
3015,37.5,26.6
3016,37.1,27.0
3017,37.6,26.6
3018,36.9,27.1
3019,37.8,26.5
3020,37.5,26.7
3021,37.2,26.9
3022,38.1,26.2
3023,37.5,26.7
3024,37.3,26.8
3025,37.7,26.5
3026,37.3,26.8
3027,37.5,26.7
3028,37.3,26.8
3029,37.5,26.7
3030,37.4,26.8
3031,37.4,26.7
3032,37.3,26.8
3033,37.4,26.7
3034,37.3,26.8
3035,37.8,26.4
3036,36.9,27.1
3037,38.3,26.1
3038,37.0,27.0
3039,37.5,26.6
3040,37.7,26.6
3041,36.8,27.2
3042,37.1,27.0
3043,37.8,26.5
3044,37.6,26.6
3045,37.7,26.5
3046,37.3,26.8
3047,37.3,26.8
3048,37.7,26.5
3049,37.5,26.7
3050,37.1,26.9
3051,37.5,26.7
3052,37.4,26.7
3053,37.2,26.9
3054,36.4,27.5
3055,37.6,26.6
3056,37.6,26.6
3057,37.8,26.5
3058,37.0,27.0
3059,37.7,26.5
3060,37.4,26.8
3061,38.0,26.3
3062,36.4,27.4
3063,37.1,26.9
3064,38.0,26.3
3065,37.2,26.9
3066,37.3,26.8
3067,37.4,26.7
3068,37.5,26.6
3069,37.5,26.7
3070,37.8,26.5
3071,37.0,27.0
3072,37.7,26.5
3073,37.2,26.9
3074,37.0,27.0
3075,37.3,26.8
3076,37.3,26.8
3077,37.7,26.5
3078,37.0,27.0
3079,37.6,26.6
3080,36.8,27.1
3081,37.1,26.9
3082,37.1,27.0
3083,37.1,26.9
3084,37.2,26.9
3085,37.2,26.9
3086,37.7,26.6
3087,37.7,26.5
3088,37.6,26.6
3089,37.5,26.7
3090,37.2,26.8
3091,37.6,26.6
3092,37.4,26.8
3093,37.5,26.6
3094,37.4,26.8
3095,38.1,26.3
3096,37.4,26.7
3097,37.7,26.6
3098,37.5,26.7
3099,37.1,27.0
3100,38.0,26.3
3101,38.1,26.2
3102,37.7,26.5
3103,37.1,26.9
3104,37.3,26.8
3105,37.1,26.9
3106,37.0,27.0
3107,37.7,26.5
3108,37.6,26.6
3109,37.7,26.5
3110,36.7,27.3
3111,37.0,27.0
3112,37.6,26.6
3113,37.4,26.7
3114,36.9,27.1
3115,37.4,26.7
3116,37.4,26.7
3117,37.0,27.0
3118,37.3,26.8
3119,37.1,27.0
3120,37.4,26.8
3121,37.0,27.0
3122,38.1,26.3
3123,38.2,26.2
3124,37.2,26.9
3125,38.1,26.2
3126,37.3,26.8
3127,38.2,26.1
3128,37.4,26.8
3129,37.3,26.8
3130,37.0,27.0
3131,36.7,27.2
3132,37.2,26.9
3133,37.1,27.0
3134,37.3,26.8
3135,37.3,26.8
3136,37.6,26.6
3137,37.5,26.6
3138,37.5,26.7
3139,37.3,26.8
3140,37.7,26.5
3141,37.1,26.9
3142,38.3,26.1
3143,37.8,26.5
3144,37.2,26.9
3145,37.1,27.0
3146,37.0,27.0
3147,36.5,27.4
3148,37.5,26.7
3149,37.1,27.0
3150,38.0,26.3
3151,37.1,26.9
3152,37.2,26.9
3153,37.8,26.4
3154,37.1,26.9
3155,37.0,27.0
3156,38.1,26.2
3157,37.4,26.8
3158,37.5,26.7
3159,37.8,26.4
3160,37.5,26.6
3161,37.7,26.5
3162,37.2,26.9
3163,37.0,27.0
3164,37.4,26.8
3165,37.2,26.9
3166,37.0,27.0
3167,38.1,26.2
3168,36.7,27.2
3169,36.7,27.3
3170,37.0,27.0
3171,36.6,27.3
3172,36.6,27.3
3173,37.9,26.4
3174,36.6,27.3
3175,37.3,26.8
3176,37.1,27.0
3177,37.4,26.7
3178,37.9,26.4
3179,36.9,27.1
3180,37.9,26.4
3181,37.9,26.4
3182,37.0,27.1
3183,37.1,27.0
3184,37.3,26.8
3185,37.2,26.9
3186,37.0,27.0
3187,38.1,26.2
3188,37.1,27.0
3189,36.6,27.3
3190,38.3,26.1
3191,38.1,26.3
3192,37.3,26.8
3193,37.0,27.1
3194,37.4,26.7
3195,37.1,26.9
3196,37.4,26.8
3197,38.0,26.3
3198,37.6,26.6
3199,37.6,26.6
3200,38.2,26.2
3201,36.7,27.3
3202,37.5,26.6
3203,36.9,27.1
3204,37.2,26.9
3205,37.2,26.9
3206,37.7,26.5
3207,37.0,27.0
3208,37.0,27.0
3209,37.2,26.9
3210,37.8,26.5
3211,36.1,27.7
3212,37.5,26.7
3213,37.8,26.4
3214,37.3,26.8
3215,37.9,26.4
3216,37.6,26.6
3217,37.2,26.9
3218,37.5,26.6
3219,37.4,26.7
3220,36.7,27.3
3221,37.9,26.4
3222,37.7,26.5
3223,37.9,26.4
3224,37.3,26.8
3225,36.9,27.1
3226,37.2,26.9
3227,37.0,27.0
3228,37.6,26.6
3229,37.2,26.9
3230,37.2,26.8
3231,37.6,26.6
3232,37.0,27.0
3233,36.9,27.1
3234,37.5,26.7
3235,36.9,27.1
3236,36.7,27.2
3237,37.1,26.9
3238,37.2,26.9
3239,37.5,26.7
3240,38.0,26.3
3241,36.5,27.4
3242,37.7,26.5
3243,37.4,26.7
3244,36.6,27.3
3245,37.2,26.9
3246,36.8,27.2
3247,36.7,27.3
3248,37.5,26.7
3249,37.2,26.9
3250,36.7,27.2
3251,37.4,26.7
3252,38.1,26.2
3253,37.7,26.5
3254,37.9,26.4
3255,37.4,26.7
3256,37.5,26.7
3257,37.8,26.5
3258,37.2,26.9
3259,37.5,26.7
3260,37.3,26.8
3261,36.6,27.3
3262,37.3,26.8
3263,37.5,26.7
3264,36.7,27.3
3265,37.0,27.1
3266,37.7,26.5
3267,37.7,26.5
3268,37.5,26.7
3269,37.6,26.6
3270,37.9,26.4
3271,37.2,26.9
3272,37.2,26.9
3273,37.1,27.0
3274,37.4,26.8
3275,36.7,27.3
3276,37.3,26.8
3277,37.4,26.7
3278,37.4,26.8
3279,37.8,26.5
3280,37.5,26.6
3281,37.7,26.5
3282,36.6,27.3
3283,37.1,26.9
3284,37.4,26.8
3285,36.7,27.2
3286,37.6,26.6
3287,36.3,27.5
3288,36.9,27.1
3289,37.5,26.6
3290,36.4,27.4
3291,36.9,27.1
3292,37.6,26.6
3293,37.3,26.8
3294,37.5,26.7
3295,37.3,26.8
3296,37.3,26.8
3297,37.6,26.6
3298,37.3,26.8
3299,36.5,27.4
3300,37.3,26.8
3301,37.6,26.6
3302,37.1,27.0
3303,37.2,26.9
3304,37.3,26.8
3305,37.2,26.9
3306,37.1,26.9
3307,37.4,26.8
3308,38.4,26.0
3309,37.8,26.5
3310,38.3,26.1
3311,37.6,26.6
3312,37.2,26.9
3313,37.1,27.0
3314,37.5,26.6
3315,37.0,27.1
3316,38.0,26.3
3317,37.5,26.7
3318,37.9,26.4
3319,36.7,27.3
3320,37.6,26.6
3321,36.5,27.4
3322,38.0,26.3
3323,37.7,26.5
3324,36.7,27.2
3325,37.2,26.9
3326,37.0,27.1
3327,37.5,26.6
3328,38.1,26.2
3329,37.1,26.9
3330,37.6,26.6
3331,37.4,26.7
3332,37.8,26.4
3333,37.1,26.9
3334,37.7,26.5
3335,36.9,27.1
3336,38.0,26.3
3337,37.7,26.5
3338,36.7,27.2
3339,37.4,26.8
3340,37.1,26.9
3341,37.9,26.4
3342,37.9,26.4
3343,38.0,26.3
3344,37.0,27.0
3345,37.2,26.9
3346,37.7,26.5
3347,36.9,27.1
3348,37.2,26.9
3349,37.6,26.6
3350,38.1,26.3
3351,37.3,26.8
3352,37.5,26.6
3353,37.9,26.4
3354,37.8,26.5
3355,37.4,26.8
3356,37.6,26.6
3357,37.6,26.6
3358,36.9,27.1
3359,37.4,26.7
3360,36.9,27.1
3361,37.8,26.4
3362,37.5,26.6
3363,37.0,27.1
3364,37.3,26.8
3365,37.5,26.7
3366,36.3,27.5
3367,37.1,27.0
3368,37.5,26.6
3369,37.7,26.6
3370,37.7,26.5
3371,37.9,26.4
3372,37.6,26.6
3373,37.2,26.9
3374,37.6,26.6
3375,37.0,27.0
3376,38.1,26.2
3377,37.7,26.5
3378,37.3,26.8
3379,37.6,26.6
3380,37.3,26.8
3381,38.0,26.3
3382,37.7,26.5
3383,37.7,26.5
3384,37.8,26.5
3385,37.5,26.6
3386,37.9,26.4
3387,37.3,26.8
3388,37.6,26.6
3389,38.1,26.3
3390,37.3,26.8
3391,37.0,27.0
3392,37.4,26.8
3393,37.1,27.0
3394,37.2,26.9
3395,38.0,26.3
3396,37.5,26.7
3397,38.0,26.3
3398,37.5,26.6
3399,37.0,27.0
3400,37.1,27.0
3401,37.2,26.9
3402,37.4,26.8
3403,36.6,27.3
3404,37.1,27.0
3405,37.2,26.9
3406,37.5,26.7
3407,37.2,26.9
3408,37.5,26.7
3409,37.3,26.8
3410,37.2,26.9
3411,37.5,26.7
3412,36.8,27.2
3413,38.3,26.1
3414,37.9,26.4
3415,37.5,26.7
3416,37.8,26.5
3417,37.7,26.5
3418,37.8,26.4
3419,37.2,26.9
3420,37.5,26.7
3421,37.9,26.4
3422,37.0,27.0
3423,37.3,26.8
3424,37.6,26.6
3425,37.7,26.5
3426,37.5,26.6
3427,38.1,26.2
3428,37.5,26.7
3429,37.2,26.9
3430,37.5,26.7
3431,37.3,26.8
3432,36.7,27.3
3433,37.4,26.8
3434,37.2,26.9
3435,37.1,26.9
3436,36.9,27.1
3437,37.8,26.4
3438,37.6,26.6
3439,37.2,26.9
3440,37.5,26.7
3441,37.2,26.9
3442,36.8,27.2
3443,37.7,26.5
3444,37.2,26.9
3445,37.2,26.9
3446,36.2,27.6
3447,37.9,26.4
3448,36.4,27.5
3449,37.3,26.8
3450,37.3,26.8
3451,37.1,26.9
3452,37.9,26.4
3453,37.6,26.6
3454,36.6,27.3
3455,37.0,27.0
3456,36.3,27.5
3457,37.6,26.6
3458,37.4,26.7
3459,36.8,27.2
3460,37.7,26.5
3461,37.4,26.7
3462,37.9,26.4
3463,37.2,26.9
3464,37.6,26.6
3465,37.4,26.7
3466,37.0,27.0
3467,37.4,26.7
3468,37.1,27.0
3469,36.9,27.1
3470,37.9,26.4
3471,37.5,26.7
3472,37.6,26.6
3473,37.0,27.0
3474,37.4,26.7
3475,37.7,26.5
3476,37.3,26.8
3477,37.8,26.4
3478,37.3,26.8
3479,37.4,26.8
3480,37.3,26.8
3481,37.2,26.9
3482,37.1,27.0
3483,38.0,26.3
3484,37.2,26.9
3485,37.6,26.6
3486,36.9,27.1
3487,37.9,26.4
3488,37.8,26.4
3489,37.1,27.0
3490,37.0,27.0
3491,37.1,27.0
3492,37.7,26.5
3493,37.6,26.6
3494,38.0,26.3
3495,37.4,26.7
3496,36.9,27.1
3497,37.5,26.7
3498,37.4,26.7
3499,37.5,26.7
3500,37.0,27.0
3501,37.5,26.7
3502,37.5,26.7
3503,37.9,26.4
3504,37.4,26.7
3505,37.2,26.9
3506,37.2,26.9
3507,36.6,27.3
3508,37.0,27.0
3509,37.7,26.5
3510,36.8,27.2
3511,37.7,26.5
3512,37.4,26.7
3513,37.2,26.9
3514,36.5,27.4
3515,37.6,26.6
3516,37.6,26.6
3517,37.7,26.5
3518,37.7,26.5
3519,37.4,26.8
3520,37.9,26.4
3521,37.4,26.7
3522,36.8,27.2
3523,37.0,27.0
3524,38.4,26.0
3525,37.8,26.5
3526,36.8,27.2
3527,37.8,26.5
3528,36.9,27.1
3529,37.4,26.7
3530,37.3,26.8
3531,38.1,26.3
3532,37.2,26.9
3533,36.9,27.1
3534,37.5,26.7
3535,37.2,26.9
3536,37.1,26.9
3537,37.2,26.9
3538,37.9,26.4
3539,37.0,27.0
3540,37.4,26.7
3541,37.0,27.0
3542,37.4,26.8
3543,37.7,26.5
3544,37.5,26.7
3545,37.4,26.7
3546,36.9,27.1
3547,37.5,26.6
3548,37.8,26.4
3549,37.3,26.8
3550,38.0,26.3
3551,37.8,26.4
3552,37.8,26.5
3553,37.1,27.0
3554,37.5,26.7
3555,37.2,26.9
3556,37.8,26.5
3557,37.9,26.4
3558,37.7,26.5
3559,36.6,27.3
3560,37.3,26.8
3561,37.5,26.7
3562,38.2,26.2
3563,37.1,27.0
3564,37.2,26.9
3565,37.1,27.0
3566,37.4,26.8
3567,38.0,26.3
3568,37.7,26.5
3569,36.7,27.2
3570,37.5,26.7
3571,37.2,26.9
3572,37.4,26.7
3573,37.4,26.7
3574,37.7,26.5
3575,37.8,26.5
3576,37.3,26.8
3577,36.9,27.1
3578,37.7,26.5
3579,36.8,27.2
3580,37.1,27.0
3581,37.3,26.8
3582,37.3,26.8
3583,37.9,26.4
3584,37.6,26.6
3585,38.0,26.3
3586,37.3,26.8
3587,37.0,27.0
3588,36.9,27.1
3589,37.3,26.8
3590,37.9,26.4
3591,37.6,26.6
3592,37.4,26.7
3593,37.8,26.5
3594,37.0,27.0
3595,37.6,26.6
3596,38.2,26.2
3597,37.0,27.1
3598,36.9,27.1
3599,37.6,26.6
