timestamp_s,ram_mb,gpu_mem_mb
0,1864,611
1,1872,613
2,1850,612
3,1856,615
4,1867,604
5,1866,612
6,1860,608
7,1867,616
8,1856,612
9,1837,607
10,1832,597
11,1868,620
12,1845,627
13,1864,618
14,1833,625
15,1830,613
16,1857,611
17,1842,612
18,1844,599
19,1860,616
20,1890,614
21,1842,621
22,1861,604
23,1841,615
24,1864,597
25,1843,614
26,1883,610
27,1864,615
28,1851,596
29,1861,612
30,1846,593
31,1879,606
32,1893,610
33,1817,593
34,1858,614
35,1841,607
36,1852,625
37,1868,626
38,1887,605
39,1815,615
40,1817,618
41,1838,614
42,1855,605
43,1848,618
44,1849,616
45,1838,604
46,1845,599
47,1884,605
48,1865,617
49,1852,618
50,1858,595
51,1824,617
52,1846,613
53,1850,611
54,1851,609
55,1827,595
56,1834,622
57,1841,607
58,1879,613
59,1870,596
60,1876,604
61,1864,613
62,1853,607
63,1867,617
64,1818,612
65,1826,603
66,1871,620
67,1843,611
68,1847,619
69,1832,618
70,1851,604
71,1833,609
72,1863,600
73,1857,601
74,1883,603
75,1854,598
76,1837,609
77,1838,610
78,1863,614
79,1864,613
80,1843,610
81,1857,613
82,1855,616
83,1839,613
84,1834,604
85,1858,613
86,1833,609
87,1862,603
88,1828,611
89,1852,608
90,1831,617
91,1856,600
92,1865,607
93,1831,615
94,1850,623
95,1839,612
96,1843,607
97,1854,608
98,1850,617
99,1883,609
100,1817,586
101,1856,605
102,1823,611
103,1856,621
104,1833,610
105,1823,602
106,1848,613
107,1866,621
108,1868,609
109,1833,619
110,1853,626
111,1837,606
112,1841,602
113,1824,606
114,1841,606
115,1823,600
116,1880,608
117,1839,614
118,1849,616
119,1875,602
120,1813,620
121,1858,612
122,1871,608
123,1845,619
124,1850,613
125,1838,590
126,1829,606
127,1864,624
128,1852,627
129,1854,626
130,1831,611
131,1816,615
132,1832,608
133,1835,605
134,1818,607
135,1868,607
136,1848,614
137,1840,603
138,1805,608
139,1873,624
140,1829,616
141,1837,609
142,1848,610
143,1829,613
144,1834,607
145,1833,607
146,1861,613
147,1831,609
148,1834,626
149,1880,605
150,1840,603
151,1866,619
152,1861,615
153,1821,612
154,1844,608
155,1870,608
156,1851,603
157,1870,608
158,1851,607
159,1870,610
160,1838,609
161,1864,616
162,1874,601
163,1837,606
164,1861,612
165,1855,619
166,1841,613
167,1832,611
168,1835,633
169,1842,613
170,1840,615
171,1871,613
172,1855,610
173,1827,617
174,1832,617
175,1867,599
176,1862,612
177,1850,614
178,1813,597
179,1822,613
180,1858,599
181,1855,617
182,1840,612
183,1833,622
184,1848,597
185,1864,622
186,1839,617
187,1876,602
188,1864,624
189,1874,602
190,1830,611
191,1891,608
192,1866,622
193,1829,619
194,1876,621
195,1859,617
196,1847,623
197,1894,620
198,1877,606
199,1849,608
200,1827,605
201,1833,605
202,1895,607
203,1859,603
204,1850,616
205,1860,617
206,1844,605
207,1844,620
208,1835,606
209,1865,606
210,1900,607
211,1840,624
212,1855,603
213,1836,611
214,1871,603
215,1859,591
216,1833,604
217,1853,618
218,1845,611
219,1887,620
220,1844,607
221,1879,615
222,1836,608
223,1835,610
224,1842,610
225,1858,619
226,1875,596
227,1847,614
228,1844,615
229,1835,626
230,1846,603
231,1855,606
232,1821,622
233,1864,609
234,1853,623
235,1834,621
236,1859,615
237,1841,609
238,1862,621
239,1850,608
240,1850,603
241,1828,611
242,1850,613
243,1851,619
244,1838,607
245,1854,618
246,1893,608
247,1853,617
248,1859,607
249,1836,611
250,1866,613
251,1853,590
252,1873,602
253,1833,592
254,1845,614
255,1880,617
256,1856,630
257,1890,617
258,1850,602
259,1863,603
260,1865,616
261,1809,621
262,1854,594
263,1825,605
264,1869,604
265,1853,621
266,1847,615
267,1862,605
268,1822,603
269,1870,616
270,1855,617
271,1838,620
272,1834,610
273,1878,605
274,1865,597
275,1900,608
276,1864,621
277,1836,611
278,1870,615
279,1867,608
280,1847,607
281,1861,603
282,1861,617
283,1819,618
284,1841,632
285,1835,615
286,1846,620
287,1863,604
288,1850,621
289,1881,601
290,1847,610
291,1852,618
292,1828,613
293,1880,626
294,1862,600
295,1842,609
296,1870,612
297,1842,605
298,1843,615
299,1837,602
300,1875,608
301,1850,603
302,1851,622
303,1852,616
304,1834,616
305,1869,616
306,1836,615
307,1825,618
308,1850,625
309,1860,614
310,1877,606
311,1844,625
312,1819,608
313,1859,601
314,1847,618
315,1857,610
316,1872,606
317,1832,613
318,1843,610
319,1880,600
320,1851,611
321,1803,621
322,1886,605
323,1851,610
324,1819,605
325,1861,610
326,1819,606
327,1864,628
328,1844,635
329,1807,613
330,1831,614
331,1842,607
332,1826,601
333,1861,619
334,1824,608
335,1874,621
336,1863,623
337,1862,607
338,1841,615
339,1836,623
340,1867,605
341,1855,605
342,1875,608
343,1838,612
344,1851,612
345,1852,609
346,1835,609
347,1844,604
348,1836,611
349,1869,616
350,1859,615
351,1859,617
352,1863,604
353,1807,623
354,1884,611
355,1837,615
356,1857,623
357,1842,607
358,1887,617
359,1869,605
360,1889,615
361,1850,615
362,1886,614
363,1825,616
364,1900,621
365,1873,613
366,1838,615
367,1847,619
368,1841,625
369,1839,613
370,1838,630
371,1849,617
372,1884,620
373,1858,612
374,1838,618
375,1842,610
376,1867,615
377,1852,610
378,1877,616
379,1836,598
380,1855,612
381,1853,600
382,1872,611
383,1870,606
384,1844,596
385,1851,594
386,1847,633
387,1827,601
388,1864,609
389,1857,608
390,1873,609
391,1861,611
392,1811,611
393,1844,610
394,1864,602
395,1832,616
396,1854,617
397,1885,609
398,1884,619
399,1869,610
400,1870,611
401,1850,611
402,1863,606
403,1850,600
404,1872,633
405,1876,620
406,1826,609
407,1846,607
408,1850,596
409,1823,616
410,1881,607
411,1830,595
412,1863,626
413,1878,606
414,1882,610
415,1838,606
416,1882,605
417,1864,617
418,1842,606
419,1839,628
420,1867,615
421,1851,623
422,1853,607
423,1845,608
424,1863,613
425,1852,606
426,1843,609
427,1850,618
428,1879,606
429,1867,606
430,1848,618
431,1846,611
432,1867,615
433,1847,615
434,1828,613
435,1866,621
436,1851,614
437,1852,606
438,1860,598
439,1863,618
440,1851,606
441,1842,601
442,1880,603
443,1874,620
444,1860,598
445,1832,613
446,1838,626
447,1864,617
448,1837,612
449,1836,611
450,1841,607
451,1837,609
452,1817,611
453,1841,609
454,1880,608
455,1828,611
456,1881,596
457,1816,615
458,1833,600
459,1850,604
460,1841,610
461,1853,601
462,1851,603
463,1881,614
464,1865,595
465,1845,619
466,1853,609
467,1851,611
468,1845,599
469,1856,605
470,1869,611
471,1831,602
472,1859,610
473,1865,617
474,1824,615
475,1839,603
476,1834,606
477,1823,621
478,1868,622
479,1842,617
480,1869,608
481,1873,620
482,1830,599
483,1853,613
484,1844,602
485,1837,611
486,1828,615
487,1846,624
488,1855,617
489,1877,606
490,1837,607
491,1880,602
492,1864,622
493,1825,616
494,1858,622
495,1893,620
496,1862,619
497,1841,614
498,1869,612
499,1863,619
500,1869,619
501,1857,621
502,1824,612
503,1839,617
504,1829,605
505,1859,605
506,1868,605
507,1826,604
508,1843,600
509,1843,619
510,1837,604
511,1877,615
512,1856,613
513,1866,603
514,1843,618
515,1870,611
516,1828,622
517,1847,620
518,1851,624
519,1859,612
520,1843,616
521,1843,615
522,1828,606
523,1854,588
524,1875,613
525,1841,610
526,1844,605
527,1867,605
528,1869,619
529,1888,624
530,1848,599
531,1864,625
532,1846,617
533,1843,609
534,1862,607
535,1836,597
536,1840,608
537,1855,612
538,1855,614
539,1862,611
540,1877,622
541,1848,605
542,1834,605
543,1858,604
544,1852,610
545,1854,612
546,1863,605
547,1838,609
548,1833,604
549,1859,613
550,1865,608
551,1850,614
552,1843,613
553,1859,598
554,1848,610
555,1842,615
556,1849,612
557,1858,613
558,1821,607
559,1856,607
560,1878,608
561,1840,620
562,1838,606
563,1833,606
564,1845,609
565,1852,608
566,1870,604
567,1845,612
568,1857,611
569,1849,606
570,1867,620
571,1861,606
572,1867,608
573,1811,613
574,1839,604
575,1827,617
576,1859,609
577,1837,623
578,1838,620
579,1879,603
580,1854,625
581,1857,612
582,1869,610
583,1851,598
584,1832,602
585,1835,608
586,1815,593
587,1816,612
588,1854,624
589,1849,605
590,1847,610
591,1852,619
592,1841,608
593,1871,615
594,1858,608
595,1828,616
596,1883,621
597,1865,612
598,1869,618
599,1850,633
600,1862,617
601,1866,594
602,1827,612
603,1833,608
604,1860,615
605,1849,625
606,1855,606
607,1827,611
608,1867,637
609,1856,618
610,1859,621
611,1841,623
612,1870,614
613,1864,618
614,1864,606
615,1877,617
616,1860,615
617,1843,616
618,1844,601
619,1830,619
620,1830,606
621,1848,615
622,1861,610
623,1870,622
624,1875,609
625,1848,600
626,1855,623
627,1842,601
628,1853,611
629,1866,608
630,1837,619
631,1836,610
632,1849,618
633,1831,598
634,1871,612
635,1841,619
636,1847,598
637,1832,610
638,1862,619
639,1842,617
640,1855,611
641,1837,610
642,1856,600
643,1828,618
644,1847,625
645,1826,606
646,1869,602
647,1868,606
648,1836,614
649,1837,591
650,1830,614
651,1841,604
652,1823,617
653,1837,621
654,1877,616
655,1850,619
656,1868,605
657,1879,613
658,1853,606
659,1857,614
660,1837,606
661,1845,603
662,1851,603
663,1855,599
664,1869,626
665,1837,614
666,1833,611
667,1829,610
668,1841,607
669,1849,612
670,1879,611
671,1847,616
672,1880,615
673,1880,607
674,1849,612
675,1839,621
676,1867,621
677,1875,605
678,1863,618
679,1823,603
680,1819,602
681,1841,622
682,1858,613
683,1859,603
684,1877,614
685,1864,595
686,1838,620
687,1830,614
688,1873,604
689,1861,619
690,1815,606
691,1878,616
692,1835,616
693,1826,616
694,1854,616
695,1857,613
696,1865,619
697,1837,608
698,1843,605
699,1849,614
700,1852,617
701,1840,610
702,1871,616
703,1866,619
704,1839,608
705,1847,610
706,1859,624
707,1828,610
708,1869,622
709,1884,623
710,1860,613
711,1883,602
712,1845,614
713,1822,610
714,1851,611
715,1856,597
716,1849,616
717,1828,620
718,1866,605
719,1858,606
720,1845,611
721,1860,608
722,1865,618
723,1863,608
724,1871,621
725,1812,618
726,1849,615
727,1897,606
728,1866,626
729,1873,607
730,1864,614
731,1887,621
732,1862,615
733,1855,618
734,1863,604
735,1876,605
736,1836,596
737,1869,609
738,1893,615
739,1851,606
740,1838,616
741,1832,610
742,1846,615
743,1870,630
744,1822,608
745,1838,615
746,1834,616
747,1861,616
748,1837,605
749,1857,618
750,1863,607
751,1829,612
752,1865,620
753,1847,615
754,1848,602
755,1842,620
756,1875,605
757,1858,614
758,1854,615
759,1825,605
760,1870,625
761,1875,612
762,1839,620
763,1841,604
764,1885,629
765,1856,618
766,1847,605
767,1900,624
768,1866,603
769,1821,591
770,1883,609
771,1882,609
772,1854,614
773,1856,614
774,1868,611
775,1862,606
776,1831,609
777,1830,607
778,1840,606
779,1847,611
780,1840,608
781,1853,619
782,1824,592
783,1870,607
784,1826,620
785,1881,613
786,1853,606
787,1869,614
788,1834,618
789,1831,601
790,1874,619
791,1869,599
792,1885,612
793,1862,616
794,1856,627
795,1845,610
796,1847,597
797,1836,614
798,1894,621
799,1869,608
800,1848,612
801,1839,613
802,1825,622
803,1840,614
804,1854,610
805,1815,608
806,1824,617
807,1865,617
808,1825,618
809,1879,611
810,1839,627
811,1850,617
812,1884,598
813,1871,621
814,1832,618
815,1865,610
816,1863,616
817,1855,614
818,1834,601
819,1847,622
820,1872,607
821,1810,611
822,1842,617
823,1855,616
824,1849,614
825,1857,614
826,1839,602
827,1818,604
828,1843,614
829,1853,633
830,1846,606
831,1864,606
832,1837,613
833,1877,607
834,1855,601
835,1856,619
836,1849,605
837,1833,617
838,1866,621
839,1842,609
840,1859,600
841,1827,611
842,1855,599
843,1872,604
844,1856,633
845,1840,613
846,1807,605
847,1852,612
848,1847,605
849,1854,599
850,1855,602
851,1862,608
852,1863,616
853,1818,616
854,1846,609
855,1840,617
856,1845,609
857,1862,611
858,1861,597
859,1854,615
860,1850,599
861,1867,600
862,1834,612
863,1861,604
864,1854,626
865,1825,612
866,1850,605
867,1852,618
868,1826,614
869,1855,619
870,1845,602
871,1823,613
872,1859,623
873,1850,622
874,1824,614
875,1836,615
876,1854,603
877,1852,603
878,1872,620
879,1808,611
880,1854,616
881,1848,609
882,1881,602
883,1827,609
884,1880,605
885,1833,622
886,1848,608
887,1870,615
888,1880,612
889,1849,613
890,1858,615
891,1841,606
892,1875,601
893,1857,609
894,1842,616
895,1856,609
896,1847,603
897,1851,612
898,1834,604
899,1858,615
900,1836,608
901,1858,601
902,1835,608
903,1854,613
904,1860,608
905,1855,612
906,1839,610
907,1883,616
908,1841,600
909,1873,613
910,1875,611
911,1876,588
912,1866,613
913,1856,624
914,1846,609
915,1860,616
916,1831,602
917,1846,613
918,1831,607
919,1849,611
920,1832,613
921,1874,615
922,1845,612
923,1841,612
924,1859,620
925,1835,613
926,1846,622
927,1852,617
928,1839,611
929,1863,610
930,1833,621
931,1855,623
932,1827,616
933,1884,623
934,1857,612
935,1816,616
936,1846,610
937,1867,608
938,1849,610
939,1833,595
940,1841,604
941,1859,608
942,1827,603
943,1865,608
944,1822,612
945,1865,603
946,1881,613
947,1836,613
948,1868,604
949,1865,601
950,1847,616
951,1850,617
952,1847,614
953,1871,630
954,1883,619
955,1841,627
956,1843,621
957,1871,600
958,1888,608
959,1864,614
960,1878,596
961,1824,607
962,1870,622
963,1823,607
964,1844,618
965,1877,621
966,1856,609
967,1840,609
968,1861,606
969,1859,612
970,1830,622
971,1847,607
972,1868,615
973,1856,609
974,1849,627
975,1847,624
976,1873,606
977,1876,613
978,1862,607
979,1835,611
980,1855,611
981,1879,612
982,1846,614
983,1815,621
984,1864,614
985,1848,619
986,1848,612
987,1838,611
988,1854,607
989,1834,631
990,1843,618
991,1850,602
992,1859,626
993,1839,609
994,1842,618
995,1867,611
996,1844,611
997,1861,606
998,1827,604
999,1862,598
1000,1865,602
1001,1871,606
1002,1825,591
1003,1843,620
1004,1842,623
1005,1824,607
1006,1836,615
1007,1843,626
1008,1840,605
1009,1821,622
1010,1835,617
1011,1869,616
1012,1862,619
1013,1872,611
1014,1817,606
1015,1834,611
1016,1856,614
1017,1845,622
1018,1872,604
1019,1854,607
1020,1824,604
1021,1832,609
1022,1841,614
1023,1853,604
1024,1802,601
1025,1837,616
1026,1854,607
1027,1849,611
1028,1867,598
1029,1832,605
1030,1810,604
1031,1832,619
1032,1833,607
1033,1870,615
1034,1840,613
1035,1849,601
1036,1874,616
1037,1871,617
1038,1872,594
1039,1860,602
1040,1871,624
1041,1868,613
1042,1856,609
1043,1851,624
1044,1898,626
1045,1850,609
1046,1853,619
1047,1883,606
1048,1845,615
1049,1832,599
1050,1872,602
1051,1840,610
1052,1829,622
1053,1865,623
1054,1819,626
1055,1833,621
1056,1838,611
1057,1822,595
1058,1848,592
1059,1844,598
1060,1867,613
1061,1853,604
1062,1858,609
1063,1873,618
1064,1864,618
1065,1863,613
1066,1855,600
1067,1814,613
1068,1853,616
1069,1832,611
1070,1882,612
1071,1825,616
1072,1855,613
1073,1860,606
1074,1865,609
1075,1861,624
1076,1863,607
1077,1875,603
1078,1873,620
1079,1848,614
1080,1855,617
1081,1839,618
1082,1855,622
1083,1833,611
1084,1834,613
1085,1832,614
1086,1856,613
1087,1827,614
1088,1857,609
1089,1863,625
1090,1847,625
1091,1834,605
1092,1862,615
1093,1843,615
1094,1867,603
1095,1847,599
1096,1847,610
1097,1849,615
1098,1855,607
1099,1844,613
1100,1856,607
1101,1859,615
1102,1833,627
1103,1873,618
1104,1838,625
1105,1868,608
1106,1859,611
1107,1868,599
1108,1847,602
1109,1823,611
1110,1848,614
1111,1813,624
1112,1835,609
1113,1820,620
1114,1861,614
1115,1824,614
1116,1854,627
1117,1833,609
1118,1843,607
1119,1875,607
1120,1863,621
1121,1836,612
1122,1839,598
1123,1859,607
1124,1843,611
1125,1861,610
1126,1826,604
1127,1878,604
1128,1859,607
1129,1880,622
1130,1847,616
1131,1854,605
1132,1837,617
1133,1871,603
1134,1838,611
1135,1859,619
1136,1866,623
1137,1851,621
1138,1839,607
1139,1852,609
1140,1859,619
1141,1845,613
1142,1856,599
1143,1828,614
1144,1822,611
1145,1848,620
1146,1850,615
1147,1888,600
1148,1851,595
1149,1847,598
1150,1875,600
1151,1851,626
1152,1848,615
1153,1856,604
1154,1826,617
1155,1886,610
1156,1866,616
1157,1900,613
1158,1814,597
1159,1851,600
1160,1859,613
1161,1860,618
1162,1842,617
1163,1893,609
1164,1861,617
1165,1852,610
1166,1834,624
1167,1843,637
1168,1856,612
1169,1863,609
1170,1847,605
1171,1817,605
1172,1846,620
1173,1862,602
1174,1844,606
1175,1880,605
1176,1854,611
1177,1838,604
1178,1840,618
1179,1850,620
1180,1824,602
1181,1849,613
1182,1833,612
1183,1813,624
1184,1861,617
1185,1820,631
1186,1859,618
1187,1877,623
1188,1847,601
1189,1859,611
1190,1850,614
1191,1840,603
1192,1845,616
1193,1862,611
1194,1890,613
1195,1861,619
1196,1828,604
1197,1863,600
1198,1855,615
1199,1842,616
1200,1863,619
1201,1856,616
1202,1859,611
1203,1860,612
1204,1858,614
1205,1853,604
1206,1838,620
1207,1843,609
1208,1894,618
1209,1846,621
1210,1856,611
1211,1837,613
1212,1833,603
1213,1848,609
1214,1886,608
1215,1874,615
1216,1873,593
1217,1873,607
1218,1841,601
1219,1890,604
1220,1835,593
1221,1868,618
1222,1817,617
1223,1860,617
1224,1855,617
1225,1866,609
1226,1846,608
1227,1864,617
1228,1832,619
1229,1829,611
1230,1869,602
1231,1853,618
1232,1857,599
1233,1834,609
1234,1837,613
1235,1856,600
1236,1847,619
1237,1877,626
1238,1845,615
1239,1846,613
1240,1889,594
1241,1880,619
1242,1816,618
1243,1838,621
1244,1848,607
1245,1860,610
1246,1880,611
1247,1843,620
1248,1856,611
1249,1811,610
1250,1822,608
1251,1838,593
1252,1885,606
1253,1831,619
1254,1856,608
1255,1856,617
1256,1851,613
1257,1873,605
1258,1874,611
1259,1840,624
1260,1864,628
1261,1881,613
1262,1835,606
1263,1859,617
1264,1869,615
1265,1826,626
1266,1859,604
1267,1819,605
1268,1872,602
1269,1874,612
1270,1829,616
1271,1859,603
1272,1876,610
1273,1870,619
1274,1833,618
1275,1820,605
1276,1851,606
1277,1864,616
1278,1844,608
1279,1849,598
1280,1834,610
1281,1841,602
1282,1849,603
1283,1867,606
1284,1869,606
1285,1843,613
1286,1867,610
1287,1830,625
1288,1855,613
1289,1842,618
1290,1838,602
1291,1862,597
1292,1849,615
1293,1850,601
1294,1835,598
1295,1800,609
1296,1861,616
1297,1839,622
1298,1846,621
1299,1839,600
1300,1858,604
1301,1867,624
1302,1824,614
1303,1829,618
1304,1842,623
1305,1820,625
1306,1868,615
1307,1865,614
1308,1852,608
1309,1844,609
1310,1855,597
1311,1845,612
1312,1844,617
1313,1862,614
1314,1820,609
1315,1850,604
1316,1843,618
1317,1862,618
1318,1861,611
1319,1864,623
1320,1820,610
1321,1863,611
1322,1844,603
1323,1868,604
1324,1842,601
1325,1852,605
1326,1838,612
1327,1852,624
1328,1831,609
1329,1841,612
1330,1880,618
1331,1891,607
1332,1850,606
1333,1839,623
1334,1857,613
1335,1859,620
1336,1884,609
1337,1845,600
1338,1829,615
1339,1832,620
1340,1860,614
1341,1838,608
1342,1872,608
1343,1818,608
1344,1855,610
1345,1851,630
1346,1852,618
1347,1872,610
1348,1820,623
1349,1847,612
1350,1868,598
1351,1875,615
1352,1829,595
1353,1833,616
1354,1878,618
1355,1830,608
1356,1845,625
1357,1829,617
1358,1860,613
1359,1838,609
1360,1847,613
1361,1822,617
1362,1838,612
1363,1842,605
1364,1852,620
1365,1855,612
1366,1869,611
1367,1839,619
1368,1834,626
1369,1891,601
1370,1852,616
1371,1879,612
1372,1814,606
1373,1842,612
1374,1861,620
1375,1880,604
1376,1870,614
1377,1861,631
1378,1844,610
1379,1857,603
1380,1832,600
1381,1802,616
1382,1845,607
1383,1853,604
1384,1849,607
1385,1858,624
1386,1899,608
1387,1853,608
1388,1851,615
1389,1821,602
1390,1848,596
1391,1820,611
1392,1853,610
1393,1855,612
1394,1839,607
1395,1859,599
1396,1846,623
1397,1876,607
1398,1859,633
1399,1845,614
1400,1833,611
1401,1875,625
1402,1852,603
1403,1869,607
1404,1833,604
1405,1864,609
1406,1833,606
1407,1836,628
1408,1819,592
1409,1846,616
1410,1850,627
1411,1834,606
1412,1835,612
1413,1885,610
1414,1840,613
1415,1867,611
1416,1863,615
1417,1836,605
1418,1869,603
1419,1800,611
1420,1868,608
1421,1855,631
1422,1838,607
1423,1850,606
1424,1844,602
1425,1881,611
1426,1837,604
1427,1856,617
1428,1843,608
1429,1841,602
1430,1838,605
1431,1848,592
1432,1870,591
1433,1859,619
1434,1821,614
1435,1837,603
1436,1889,623
1437,1858,596
1438,1860,604
1439,1847,625
1440,1880,605
1441,1860,616
1442,1828,605
1443,1840,607
1444,1833,613
1445,1838,599
1446,1824,614
1447,1855,603
1448,1864,618
1449,1853,620
1450,1830,603
1451,1873,627
1452,1863,596
1453,1820,606
1454,1870,613
1455,1828,613
1456,1855,612
1457,1863,609
1458,1859,609
1459,1834,611
1460,1887,620
1461,1836,611
1462,1852,611
1463,1866,597
1464,1847,618
1465,1875,618
1466,1857,607
1467,1846,614
1468,1880,605
1469,1868,604
1470,1865,618
1471,1870,608
1472,1856,598
1473,1855,615
1474,1894,601
1475,1864,601
1476,1862,613
1477,1853,604
1478,1849,608
1479,1832,615
1480,1871,604
1481,1887,607
1482,1877,596
1483,1871,605
1484,1844,621
1485,1841,612
1486,1889,607
1487,1874,611
1488,1878,621
1489,1859,607
1490,1808,610
1491,1859,610
1492,1853,609
1493,1846,615
1494,1860,612
1495,1812,622
1496,1873,611
1497,1873,612
1498,1837,616
1499,1845,622
1500,1870,601
1501,1828,616
1502,1875,626
1503,1849,617
1504,1881,615
1505,1839,616
1506,1826,609
1507,1878,603
1508,1836,622
1509,1865,621
1510,1848,615
1511,1851,620
1512,1850,617
1513,1829,600
1514,1824,600
1515,1880,600
1516,1850,618
1517,1882,606
1518,1857,601
1519,1843,602
1520,1829,609
1521,1850,617
1522,1848,616
1523,1859,609
1524,1833,601
1525,1844,621
1526,1861,618
1527,1849,623
1528,1858,619
1529,1838,620
1530,1882,602
1531,1861,613
1532,1837,614
1533,1814,590
1534,1867,619
1535,1883,600
1536,1848,600
1537,1867,614
1538,1853,615
1539,1831,608
1540,1829,603
1541,1819,619
1542,1877,627
1543,1855,629
1544,1806,623
1545,1878,612
1546,1831,621
1547,1832,615
1548,1877,613
1549,1879,611
1550,1874,622
1551,1853,608
1552,1839,605
1553,1867,613
1554,1876,615
1555,1835,607
1556,1850,614
1557,1859,608
1558,1860,616
1559,1840,607
1560,1850,620
1561,1893,621
1562,1859,599
1563,1860,604
1564,1839,611
1565,1838,620
1566,1839,608
1567,1866,616
1568,1881,610
1569,1859,596
1570,1832,620
1571,1887,605
1572,1835,599
1573,1867,616
1574,1815,605
1575,1863,606
1576,1886,619
1577,1856,615
1578,1848,618
1579,1840,618
1580,1854,594
1581,1821,611
1582,1848,611
1583,1879,604
1584,1845,603
1585,1851,608
1586,1822,616
1587,1872,618
1588,1840,610
1589,1857,612
1590,1844,607
1591,1862,614
1592,1866,614
1593,1870,610
1594,1845,612
1595,1823,613
1596,1827,606
1597,1852,598
1598,1856,603
1599,1875,620
1600,1853,610
1601,1858,608
1602,1872,613
1603,1850,614
1604,1853,610
1605,1862,616
1606,1858,604
1607,1846,625
1608,1816,597
1609,1854,621
1610,1823,627
1611,1846,613
1612,1867,610
1613,1846,608
1614,1867,598
1615,1861,619
1616,1861,616
1617,1877,623
1618,1837,607
1619,1847,614
1620,1847,617
1621,1845,602
1622,1878,625
1623,1857,612
1624,1825,612
1625,1857,622
1626,1845,615
1627,1851,607
1628,1856,611
1629,1824,616
1630,1830,623
1631,1850,605
1632,1856,604
1633,1849,614
1634,1852,620
1635,1834,611
1636,1863,594
1637,1823,625
1638,1855,611
1639,1856,620
1640,1832,620
1641,1821,606
1642,1824,615
1643,1879,599
1644,1889,596
1645,1850,615
1646,1817,604
1647,1816,611
1648,1814,629
1649,1824,611
1650,1847,597
1651,1861,597
1652,1857,613
1653,1848,612
1654,1846,619
1655,1862,602
1656,1857,624
1657,1890,599
1658,1849,608
1659,1851,614
1660,1877,623
1661,1878,598
1662,1862,610
1663,1852,611
1664,1875,605
1665,1874,620
1666,1847,599
1667,1857,617
1668,1859,615
1669,1864,624
1670,1849,611
1671,1845,615
1672,1862,618
1673,1846,613
1674,1861,608
1675,1815,603
1676,1815,616
1677,1853,610
1678,1864,604
1679,1845,621
1680,1832,606
1681,1866,611
1682,1845,605
1683,1826,604
1684,1847,605
1685,1882,615
1686,1875,610
1687,1851,612
1688,1874,610
1689,1857,608
1690,1847,605
1691,1853,619
1692,1874,610
1693,1841,614
1694,1852,608
1695,1860,616
1696,1866,622
1697,1888,609
1698,1831,617
1699,1867,613
1700,1858,630
1701,1866,605
1702,1851,621
1703,1849,619
1704,1871,628
1705,1872,608
1706,1847,616
1707,1845,611
1708,1841,611
1709,1854,621
1710,1831,617
1711,1845,612
1712,1847,604
1713,1821,611
1714,1841,605
1715,1855,612
1716,1839,607
1717,1860,595
1718,1857,611
1719,1850,602
1720,1900,624
1721,1854,620
1722,1865,618
1723,1871,631
1724,1883,623
1725,1873,615
1726,1852,614
1727,1842,620
1728,1848,617
1729,1822,604
1730,1857,606
1731,1838,613
1732,1858,614
1733,1869,616
1734,1868,617
1735,1845,622
1736,1867,608
1737,1878,629
1738,1850,619
1739,1856,610
1740,1888,592
1741,1861,622
1742,1859,627
1743,1834,609
1744,1860,614
1745,1865,624
1746,1843,621
1747,1858,613
1748,1868,601
1749,1840,620
1750,1851,616
1751,1867,600
1752,1833,616
1753,1815,631
1754,1829,610
1755,1832,614
1756,1841,604
1757,1874,611
1758,1838,614
1759,1840,607
1760,1860,616
1761,1864,622
1762,1835,608
1763,1846,602
1764,1820,614
1765,1832,613
1766,1859,608
1767,1851,616
1768,1865,607
1769,1875,616
1770,1841,619
1771,1852,619
1772,1846,614
1773,1851,624
1774,1838,614
1775,1859,608
1776,1855,611
1777,1838,616
1778,1839,613
1779,1844,601
1780,1862,629
1781,1847,608
1782,1839,598
1783,1853,617
1784,1852,621
1785,1877,614
1786,1865,610
1787,1858,607
1788,1855,613
1789,1846,622
1790,1874,619
1791,1856,606
1792,1854,592
1793,1830,611
1794,1857,598
1795,1812,622
1796,1887,594
1797,1872,624
1798,1843,616
1799,1840,621
1800,1851,611
1801,1838,602
1802,1841,617
1803,1841,600
1804,1851,615
1805,1859,617
1806,1874,627
1807,1872,612
1808,1850,626
1809,1812,605
1810,1841,609
1811,1858,611
1812,1821,612
1813,1856,613
1814,1861,604
1815,1837,620
1816,1841,609
1817,1837,624
1818,1836,599
1819,1868,602
1820,1857,612
1821,1859,617
1822,1824,615
1823,1832,612
1824,1848,611
1825,1857,616
1826,1827,611
1827,1866,610
1828,1847,598
1829,1856,620
1830,1866,607
1831,1864,611
1832,1859,624
1833,1830,601
1834,1857,617
1835,1851,611
1836,1842,620
1837,1863,623
1838,1857,608
1839,1867,613
1840,1862,606
1841,1837,608
1842,1864,606
1843,1823,613
1844,1848,620
1845,1841,615
1846,1877,607
1847,1847,599
1848,1863,613
1849,1841,629
1850,1851,603
1851,1851,613
1852,1869,612
1853,1833,610
1854,1857,618
1855,1869,613
1856,1809,608
1857,1874,627
1858,1829,617
1859,1859,623
1860,1850,621
1861,1868,617
1862,1878,602
1863,1837,596
1864,1873,608
1865,1836,623
1866,1862,618
1867,1857,618
1868,1865,603
1869,1823,603
1870,1863,620
1871,1846,605
1872,1846,614
1873,1834,593
1874,1856,603
1875,1876,613
1876,1832,606
1877,1808,600
1878,1868,600
1879,1873,605
1880,1831,622
1881,1834,613
1882,1825,621
1883,1842,618
1884,1875,615
1885,1846,610
1886,1843,608
1887,1855,611
1888,1866,617
1889,1831,620
1890,1864,624
1891,1854,608
1892,1863,604
1893,1857,616
1894,1856,602
1895,1874,608
1896,1860,626
1897,1865,604
1898,1867,625
1899,1872,615
1900,1843,607
1901,1876,617
1902,1828,614
1903,1876,596
1904,1852,621
1905,1850,624
1906,1857,608
1907,1863,604
1908,1842,606
1909,1857,622
1910,1851,605
1911,1840,608
1912,1858,604
1913,1848,610
1914,1848,621
1915,1841,611
1916,1846,600
1917,1834,620
1918,1858,623
1919,1871,616
1920,1896,612
1921,1843,621
1922,1846,616
1923,1849,616
1924,1873,624
1925,1846,592
1926,1840,614
1927,1848,615
1928,1856,611
1929,1859,610
1930,1849,606
1931,1827,608
1932,1822,597
1933,1853,605
1934,1864,616
1935,1850,597
1936,1877,605
1937,1877,606
1938,1834,615
1939,1861,607
1940,1823,618
1941,1834,605
1942,1821,589
1943,1837,606
1944,1841,611
1945,1843,597
1946,1852,618
1947,1876,618
1948,1860,598
1949,1853,604
1950,1834,607
1951,1855,608
1952,1840,622
1953,1841,601
1954,1838,602
1955,1875,612
1956,1828,603
1957,1865,611
1958,1820,619
1959,1840,619
1960,1840,603
1961,1834,614
1962,1843,601
1963,1880,615
1964,1864,626
1965,1839,622
1966,1862,614
1967,1823,614
1968,1840,611
1969,1847,609
1970,1870,620
1971,1844,611
1972,1861,599
1973,1847,611
1974,1829,622
1975,1825,615
1976,1863,615
1977,1818,609
1978,1846,608
1979,1870,610
1980,1859,630
1981,1860,608
1982,1847,620
1983,1842,617
1984,1837,610
1985,1838,621
1986,1851,619
1987,1871,611
1988,1858,629
1989,1870,617
1990,1857,624
1991,1872,612
1992,1867,610
1993,1847,602
1994,1852,617
1995,1857,606
1996,1827,618
1997,1873,606
1998,1855,611
1999,1816,612
2000,1846,612
2001,1844,619
2002,1821,606
2003,1866,613
2004,1878,617
2005,1853,610
2006,1855,620
2007,1874,618
2008,1840,625
2009,1832,613
2010,1818,597
2011,1842,617
2012,1841,621
2013,1857,611
2014,1864,621
2015,1834,600
2016,1842,623
2017,1883,611
2018,1865,614
2019,1842,621
2020,1839,623
2021,1855,620
2022,1850,619
2023,1837,599
2024,1862,616
2025,1847,609
2026,1875,603
2027,1879,614
2028,1861,617
2029,1859,614
2030,1844,604
2031,1861,616
2032,1837,617
2033,1818,615
2034,1844,597
2035,1862,606
2036,1867,620
2037,1835,609
2038,1832,616
2039,1867,618
2040,1839,608
2041,1877,600
2042,1838,613
2043,1884,602
2044,1847,612
2045,1842,615
2046,1857,612
2047,1844,625
2048,1840,605
2049,1851,591
2050,1853,621
2051,1873,617
2052,1851,620
2053,1859,621
2054,1871,601
2055,1850,605
2056,1807,612
2057,1860,609
2058,1862,599
2059,1861,619
2060,1852,610
2061,1826,609
2062,1874,606
2063,1871,618
2064,1823,615
2065,1838,616
2066,1841,614
2067,1850,610
2068,1867,617
2069,1862,602
2070,1873,607
2071,1853,615
2072,1832,624
2073,1844,634
2074,1849,621
2075,1849,612
2076,1878,625
2077,1853,611
2078,1874,612
2079,1854,603
2080,1834,599
2081,1858,607
2082,1853,613
2083,1854,623
2084,1866,613
2085,1831,613
2086,1861,610
2087,1848,602
2088,1827,603
2089,1835,596
2090,1835,612
2091,1848,622
2092,1855,604
2093,1863,616
2094,1876,609
2095,1872,606
2096,1861,611
2097,1842,612
2098,1855,624
2099,1855,606
2100,1877,605
2101,1877,617
2102,1837,624
2103,1849,615
2104,1845,613
2105,1846,612
2106,1856,631
2107,1845,605
2108,1836,597
2109,1806,609
2110,1871,626
2111,1843,607
2112,1860,602
2113,1874,610
2114,1825,626
2115,1827,615
2116,1856,605
2117,1863,613
2118,1853,599
2119,1870,623
2120,1842,623
2121,1885,613
2122,1866,617
2123,1868,599
2124,1819,627
2125,1896,607
2126,1840,623
2127,1853,619
2128,1851,611
2129,1845,612
2130,1826,599
2131,1865,616
2132,1863,605
2133,1859,623
2134,1832,606
2135,1853,604
2136,1857,616
2137,1857,613
2138,1846,613
2139,1853,611
2140,1847,614
2141,1841,629
2142,1824,621
2143,1848,617
2144,1851,608
2145,1860,618
2146,1870,623
2147,1836,622
2148,1868,605
2149,1844,610
2150,1844,597
2151,1833,597
2152,1851,607
2153,1827,601
2154,1864,611
2155,1870,605
2156,1857,612
2157,1844,614
2158,1861,618
2159,1839,613
2160,1857,614
2161,1831,611
2162,1873,622
2163,1871,617
2164,1845,604
2165,1870,602
2166,1881,608
2167,1844,607
2168,1859,615
2169,1857,608
2170,1820,605
2171,1832,602
2172,1835,602
2173,1849,631
2174,1864,611
2175,1848,603
2176,1846,606
2177,1813,614
2178,1837,616
2179,1859,611
2180,1836,628
2181,1843,621
2182,1850,616
2183,1900,605
2184,1838,614
2185,1839,612
2186,1839,625
2187,1845,617
2188,1834,623
2189,1843,609
2190,1840,614
2191,1853,608
2192,1813,619
2193,1853,616
2194,1848,615
2195,1829,612
2196,1840,606
2197,1816,609
2198,1841,609
2199,1872,615
2200,1824,618
2201,1855,614
2202,1851,607
2203,1816,599
2204,1871,625
2205,1831,613
2206,1842,610
2207,1851,619
2208,1843,615
2209,1877,614
2210,1862,622
2211,1853,605
2212,1841,608
2213,1834,616
2214,1838,598
2215,1835,595
2216,1845,607
2217,1862,615
2218,1844,611
2219,1864,603
2220,1853,602
2221,1860,631
2222,1816,622
2223,1868,623
2224,1860,613
2225,1891,593
2226,1863,602
2227,1829,596
2228,1859,627
2229,1803,610
2230,1844,609
2231,1867,615
2232,1832,618
2233,1843,619
2234,1836,611
2235,1836,600
2236,1826,624
2237,1856,618
2238,1845,598
2239,1837,620
2240,1839,619
2241,1844,614
2242,1871,618
2243,1871,621
2244,1839,602
2245,1824,597
2246,1858,616
2247,1874,618
2248,1849,611
2249,1872,600
2250,1837,620
2251,1834,607
2252,1856,617
2253,1869,610
2254,1894,629
2255,1888,615
2256,1835,607
2257,1832,601
2258,1848,616
2259,1891,609
2260,1822,617
2261,1887,607
2262,1859,598
2263,1871,623
2264,1842,594
2265,1872,618
2266,1873,611
2267,1857,616
2268,1803,604
2269,1867,626
2270,1871,605
2271,1857,614
2272,1855,612
2273,1888,610
2274,1898,619
2275,1850,601
2276,1866,605
2277,1824,599
2278,1863,612
2279,1870,597
2280,1847,616
2281,1864,616
2282,1867,616
2283,1863,608
2284,1826,604
2285,1845,613
2286,1820,603
2287,1854,611
2288,1861,610
2289,1852,600
2290,1887,608
2291,1874,616
2292,1857,618
2293,1840,620
2294,1865,602
2295,1866,619
2296,1852,612
2297,1852,623
2298,1842,621
2299,1859,620
2300,1872,616
2301,1883,616
2302,1836,623
2303,1882,628
2304,1865,620
2305,1859,620
2306,1869,603
2307,1850,608
2308,1862,604
2309,1848,605
2310,1862,606
2311,1860,617
2312,1835,602
2313,1854,618
2314,1861,601
2315,1868,611
2316,1818,616
2317,1866,603
2318,1881,606
2319,1806,624
2320,1864,626
2321,1835,619
2322,1876,612
2323,1862,612
2324,1822,609
2325,1848,619
2326,1806,625
2327,1865,618
2328,1846,615
2329,1857,620
2330,1856,611
2331,1854,605
2332,1876,614
2333,1845,600
2334,1864,612
2335,1881,619
2336,1849,614
2337,1877,619
2338,1848,607
2339,1879,593
2340,1847,613
2341,1839,607
2342,1832,614
2343,1844,616
2344,1867,624
2345,1856,620
2346,1852,610
2347,1867,609
2348,1865,620
2349,1832,611
2350,1869,614
2351,1872,606
2352,1855,601
2353,1847,604
2354,1837,613
2355,1838,596
2356,1842,624
2357,1827,598
2358,1841,619
2359,1837,625
2360,1865,604
2361,1844,614
2362,1840,621
2363,1836,598
2364,1841,621
2365,1821,612
2366,1855,625
2367,1810,625
2368,1860,621
2369,1841,616
2370,1852,604
2371,1846,607
2372,1846,627
2373,1826,621
2374,1869,610
2375,1861,596
2376,1872,609
2377,1893,635
2378,1843,619
2379,1889,626
2380,1867,621
2381,1841,621
2382,1832,619
2383,1839,605
2384,1829,613
2385,1845,626
2386,1821,614
2387,1852,601
2388,1832,612
2389,1848,616
2390,1862,611
2391,1833,602
2392,1826,607
2393,1830,618
2394,1829,612
2395,1834,618
2396,1865,610
2397,1855,616
2398,1868,602
2399,1889,613
2400,1853,620
2401,1851,613
2402,1859,614
2403,1852,606
2404,1800,619
2405,1865,611
2406,1845,616
2407,1842,612
2408,1832,614
2409,1874,627
2410,1850,616
2411,1866,620
2412,1847,604
2413,1868,597
2414,1851,605
2415,1850,615
2416,1868,601
2417,1842,611
2418,1850,614
2419,1849,611
2420,1855,629
2421,1866,612
2422,1838,599
2423,1837,616
2424,1828,611
2425,1844,599
2426,1853,605
2427,1839,609
2428,1841,617
2429,1848,618
2430,1863,609
2431,1838,601
2432,1832,621
2433,1834,606
2434,1847,602
2435,1843,608
2436,1858,613
2437,1842,622
2438,1855,613
2439,1843,602
2440,1873,621
2441,1848,604
2442,1836,623
2443,1871,589
2444,1852,621
2445,1874,612
2446,1842,611
2447,1834,609
2448,1845,622
2449,1837,605
2450,1850,615
2451,1827,621
2452,1856,614
2453,1846,607
2454,1868,622
2455,1840,609
2456,1830,610
2457,1855,627
2458,1839,608
2459,1829,611
2460,1887,594
2461,1824,599
2462,1853,608
2463,1867,600
2464,1829,607
2465,1826,602
2466,1873,613
2467,1851,611
2468,1854,613
2469,1818,604
2470,1862,608
2471,1844,600
2472,1830,605
2473,1835,615
2474,1878,611
2475,1887,612
2476,1817,610
2477,1889,597
2478,1825,608
2479,1854,612
2480,1862,612
2481,1861,606
2482,1849,608
2483,1851,621
2484,1877,605
2485,1842,613
2486,1831,618
2487,1833,613
2488,1867,606
2489,1831,612
2490,1864,609
2491,1869,608
2492,1843,589
2493,1854,611
2494,1867,613
2495,1873,613
2496,1892,610
2497,1838,613
2498,1838,600
2499,1876,616
2500,1863,608
2501,1861,615
2502,1890,620
2503,1853,601
2504,1862,607
2505,1862,602
2506,1846,622
2507,1846,613
2508,1845,613
2509,1863,610
2510,1873,623
2511,1874,613
2512,1817,594
2513,1850,621
2514,1866,632
2515,1861,609
2516,1828,611
2517,1800,611
2518,1879,628
2519,1839,627
2520,1842,617
2521,1815,618
2522,1865,608
2523,1841,600
2524,1858,608
2525,1844,609
2526,1822,614
2527,1873,612
2528,1868,603
2529,1857,615
2530,1839,626
2531,1875,625
2532,1847,607
2533,1845,611
2534,1870,618
2535,1854,607
2536,1864,620
2537,1836,601
2538,1841,614
2539,1871,605
2540,1841,617
2541,1849,618
2542,1857,608
2543,1844,611
2544,1848,604
2545,1848,607
2546,1866,612
2547,1872,600
2548,1812,622
2549,1859,612
2550,1863,616
2551,1842,630
2552,1818,611
2553,1851,613
2554,1822,603
2555,1842,622
2556,1883,602
2557,1849,602
2558,1876,609
2559,1850,603
2560,1885,618
2561,1868,613
2562,1851,616
2563,1850,609
2564,1851,612
2565,1867,615
2566,1873,613
2567,1871,609
2568,1846,603
2569,1835,608
2570,1846,614
2571,1847,616
2572,1836,616
2573,1865,612
2574,1848,611
2575,1868,615
2576,1859,600
2577,1854,606
2578,1851,602
2579,1838,608
2580,1821,613
2581,1854,614
2582,1829,615
2583,1859,614
2584,1867,623
2585,1856,611
2586,1807,614
2587,1840,605
2588,1852,618
2589,1883,609
2590,1843,611
2591,1860,612
2592,1840,608
2593,1852,630
2594,1861,627
2595,1856,616
2596,1821,619
2597,1844,605
2598,1863,602
2599,1854,610
2600,1800,620
2601,1869,603
2602,1878,617
2603,1853,610
2604,1839,620
2605,1852,629
2606,1874,604
2607,1842,623
2608,1865,616
2609,1887,586
2610,1848,620
2611,1826,625
2612,1865,602
2613,1886,619
2614,1839,621
2615,1864,604
2616,1873,612
2617,1872,615
2618,1843,617
2619,1845,611
2620,1847,606
2621,1849,607
2622,1810,616
2623,1866,614
2624,1842,607
2625,1828,631
2626,1840,608
2627,1850,616
2628,1894,612
2629,1838,608
2630,1851,619
2631,1873,606
2632,1855,618
2633,1852,618
2634,1848,630
2635,1827,614
2636,1849,616
2637,1830,615
2638,1882,605
2639,1849,614
2640,1853,618
2641,1830,614
2642,1822,613
2643,1832,603
2644,1892,600
2645,1842,611
2646,1851,609
2647,1847,622
2648,1829,616
2649,1857,609
2650,1860,613
2651,1864,616
2652,1879,608
2653,1847,614
2654,1843,604
2655,1829,608
2656,1861,610
2657,1880,604
2658,1814,610
2659,1833,618
2660,1870,619
2661,1844,607
2662,1856,608
2663,1804,620
2664,1867,610
2665,1865,607
2666,1833,619
2667,1855,633
2668,1886,607
2669,1860,620
2670,1846,609
2671,1862,616
2672,1846,624
2673,1861,624
2674,1879,595
2675,1848,607
2676,1853,624
2677,1829,610
2678,1857,606
2679,1869,618
2680,1819,613
2681,1869,616
2682,1855,617
2683,1883,613
2684,1846,595
2685,1843,610
2686,1895,618
2687,1877,619
2688,1893,615
2689,1847,611
2690,1844,608
2691,1837,613
2692,1830,612
2693,1881,620
2694,1834,614
2695,1837,602
2696,1817,611
2697,1862,602
2698,1884,615
2699,1846,614
2700,1818,602
2701,1869,615
2702,1844,594
2703,1857,602
2704,1859,601
2705,1860,623
2706,1828,611
2707,1828,607
2708,1824,599
2709,1860,605
2710,1860,606
2711,1852,608
2712,1878,604
2713,1864,607
2714,1854,605
2715,1855,625
2716,1854,609
2717,1880,618
2718,1830,621
2719,1855,602
2720,1863,615
2721,1880,615
2722,1852,600
2723,1859,623
2724,1855,617
2725,1849,612
2726,1856,602
2727,1858,606
2728,1838,615
2729,1873,618
2730,1822,609
2731,1861,600
2732,1888,596
2733,1866,616
2734,1856,607
2735,1827,592
2736,1833,612
2737,1841,598
2738,1863,609
2739,1855,606
2740,1890,595
2741,1850,603
2742,1836,601
2743,1871,625
2744,1826,604
2745,1871,601
2746,1870,618
2747,1830,618
2748,1858,601
2749,1862,598
2750,1861,617
2751,1834,605
2752,1856,619
2753,1864,629
2754,1884,592
2755,1857,623
2756,1846,626
2757,1890,607
2758,1857,617
2759,1886,600
2760,1873,612
2761,1837,595
2762,1828,619
2763,1855,620
2764,1872,621
2765,1840,621
2766,1836,607
2767,1865,610
2768,1853,603
2769,1800,598
2770,1846,625
2771,1861,604
2772,1851,625
2773,1871,620
2774,1859,604
2775,1841,606
2776,1887,612
2777,1821,617
2778,1835,613
2779,1876,616
2780,1827,620
2781,1839,611
2782,1853,606
2783,1869,611
2784,1858,614
2785,1866,627
2786,1858,616
2787,1850,615
2788,1865,602
2789,1829,606
2790,1851,611
2791,1847,616
2792,1858,605
2793,1877,618
2794,1881,611
2795,1842,611
2796,1871,620
2797,1854,615
2798,1862,614
2799,1835,616
2800,1839,605
2801,1828,610
2802,1878,612
2803,1835,613
2804,1882,610
2805,1859,606
2806,1883,620
2807,1871,606
2808,1832,622
2809,1858,614
2810,1829,611
2811,1863,601
2812,1832,604
2813,1833,607
2814,1856,626
2815,1864,620
2816,1828,610
2817,1832,613
2818,1870,602
2819,1836,626
2820,1802,599
2821,1838,605
2822,1861,631
2823,1846,606
2824,1855,600
2825,1858,621
2826,1858,612
2827,1837,602
2828,1870,618
2829,1843,627
2830,1826,626
2831,1859,620
2832,1856,609
2833,1873,620
2834,1850,611
2835,1844,596
2836,1848,620
2837,1844,612
2838,1845,606
2839,1845,616
2840,1868,611
2841,1865,616
2842,1873,610
2843,1851,613
2844,1845,616
2845,1857,615
2846,1855,600
2847,1832,615
2848,1817,617
2849,1849,626
2850,1862,617
2851,1873,609
2852,1854,618
2853,1824,614
2854,1843,630
2855,1845,617
2856,1854,606
2857,1836,622
2858,1843,612
2859,1855,613
2860,1894,599
2861,1858,615
2862,1880,612
2863,1828,614
2864,1830,617
2865,1851,610
2866,1879,600
2867,1862,621
2868,1866,603
2869,1843,617
2870,1865,615
2871,1888,601
2872,1844,619
2873,1882,612
2874,1859,612
2875,1830,617
2876,1862,610
2877,1842,618
2878,1852,617
2879,1851,605
2880,1859,621
2881,1852,623
2882,1872,602
2883,1828,610
2884,1850,616
2885,1859,618
2886,1881,608
2887,1860,604
2888,1874,621
2889,1864,623
2890,1850,613
2891,1853,602
2892,1850,603
2893,1857,625
2894,1862,615
2895,1868,603
2896,1878,615
2897,1854,615
2898,1870,609
2899,1851,618
2900,1879,606
2901,1880,619
2902,1852,620
2903,1846,613
2904,1867,612
2905,1862,621
2906,1872,609
2907,1826,630
2908,1835,607
2909,1834,633
2910,1840,600
2911,1875,615
2912,1856,615
2913,1849,602
2914,1833,612
2915,1847,604
2916,1892,611
2917,1880,609
2918,1847,606
2919,1864,604
2920,1873,614
2921,1866,610
2922,1875,616
2923,1875,615
2924,1835,616
2925,1836,607
2926,1865,619
2927,1836,615
2928,1831,620
2929,1846,601
2930,1878,612
2931,1836,622
2932,1844,601
2933,1880,620
2934,1859,618
2935,1860,616
2936,1858,595
2937,1842,625
2938,1859,614
2939,1854,608
2940,1854,595
2941,1857,598
2942,1854,604
2943,1833,601
2944,1859,608
2945,1827,614
2946,1849,611
2947,1853,600
2948,1813,607
2949,1821,604
2950,1850,599
2951,1859,617
2952,1839,609
2953,1836,607
2954,1820,631
2955,1848,611
2956,1839,603
2957,1815,609
2958,1871,602
2959,1862,626
2960,1834,617
2961,1883,603
2962,1827,608
2963,1849,597
2964,1836,612
2965,1845,611
2966,1838,613
2967,1869,618
2968,1835,611
2969,1850,602
2970,1861,603
2971,1886,621
2972,1853,624
2973,1843,601
2974,1830,615
2975,1839,604
2976,1889,604
2977,1865,605
2978,1839,617
2979,1860,627
2980,1891,620
2981,1853,616
2982,1850,596
2983,1900,597
2984,1876,599
2985,1867,615
2986,1827,615
2987,1836,612
2988,1857,619
2989,1857,610
2990,1843,615
2991,1845,618
2992,1861,606
2993,1852,621
2994,1885,614
2995,1848,604
2996,1864,614
2997,1821,612
2998,1849,618
2999,1855,620
3000,1853,636
3001,1867,617
3002,1828,620
3003,1845,606
3004,1837,616
3005,1878,616
3006,1819,616
3007,1866,607
3008,1884,618
3009,1860,617
3010,1860,611
3011,1853,610
3012,1839,613
3013,1855,619
3014,1858,606
3015,1847,601
3016,1858,619
3017,1843,611
3018,1863,623
3019,1826,608
3020,1843,609
3021,1843,610
3022,1845,616
3023,1851,606
3024,1863,609
3025,1852,611
3026,1865,614
3027,1839,614
3028,1860,622
3029,1834,601
3030,1842,610
3031,1860,615
3032,1861,610
3033,1848,606
3034,1886,614
3035,1869,612
3036,1853,613
3037,1857,603
3038,1862,609
3039,1829,601
3040,1880,604
3041,1872,621
3042,1865,617
3043,1859,612
3044,1873,619
3045,1863,605
3046,1860,598
3047,1819,592
3048,1872,608
3049,1839,613
3050,1886,614
3051,1849,615
3052,1848,614
3053,1869,617
3054,1855,609
3055,1823,603
3056,1845,614
3057,1829,611
3058,1831,603
3059,1865,620
3060,1866,620
3061,1886,615
3062,1843,610
3063,1841,610
3064,1863,621
3065,1859,620
3066,1815,606
3067,1853,605
3068,1872,623
3069,1801,610
3070,1801,622
3071,1865,611
3072,1827,613
3073,1850,614
3074,1822,599
3075,1823,600
3076,1896,617
3077,1866,612
3078,1849,615
3079,1845,616
3080,1865,609
3081,1864,615
3082,1847,614
3083,1836,604
3084,1855,605
3085,1850,597
3086,1868,603
3087,1863,606
3088,1869,612
3089,1821,605
3090,1852,620
3091,1848,606
3092,1844,617
3093,1845,604
3094,1831,617
3095,1850,622
3096,1831,625
3097,1857,620
3098,1868,618
3099,1884,597
3100,1861,596
3101,1824,599
3102,1843,619
3103,1865,623
3104,1840,611
3105,1851,610
3106,1867,601
3107,1863,611
3108,1857,605
3109,1803,632
3110,1829,602
3111,1857,619
3112,1832,612
3113,1890,607
3114,1846,612
3115,1865,609
3116,1874,613
3117,1819,621
3118,1856,603
3119,1858,622
3120,1834,613
3121,1833,598
3122,1869,612
3123,1860,605
3124,1882,615
3125,1819,610
3126,1900,612
3127,1844,614
3128,1848,617
3129,1836,600
3130,1818,610
3131,1865,594
3132,1831,604
3133,1826,603
3134,1880,593
3135,1850,611
3136,1828,618
3137,1836,618
3138,1862,619
3139,1874,616
3140,1831,613
3141,1860,606
3142,1864,622
3143,1882,605
3144,1867,619
3145,1831,622
3146,1811,623
3147,1859,616
3148,1849,632
3149,1887,620
3150,1823,620
3151,1856,614
3152,1815,623
3153,1866,622
3154,1836,612
3155,1881,607
3156,1842,606
3157,1856,608
3158,1817,612
3159,1857,608
3160,1843,608
3161,1836,605
3162,1827,615
3163,1841,610
3164,1852,607
3165,1878,616
3166,1872,618
3167,1839,615
3168,1828,608
3169,1843,605
3170,1877,603
3171,1874,604
3172,1856,608
3173,1868,614
3174,1827,612
3175,1847,597
3176,1835,600
3177,1843,602
3178,1842,611
3179,1831,615
3180,1871,604
3181,1834,622
3182,1870,606
3183,1840,605
3184,1844,605
3185,1836,613
3186,1898,608
3187,1858,605
3188,1876,613
3189,1839,605
3190,1869,606
3191,1870,607
3192,1836,611
3193,1878,611
3194,1889,617
3195,1830,614
3196,1853,617
3197,1835,615
3198,1839,616
3199,1860,601
3200,1837,632
3201,1834,607
3202,1845,619
3203,1822,619
3204,1851,603
3205,1845,608
3206,1830,612
3207,1886,604
3208,1840,607
3209,1834,593
3210,1842,623
3211,1844,610
3212,1878,611
3213,1856,602
3214,1864,620
3215,1841,591
3216,1854,601
3217,1838,619
3218,1820,610
3219,1851,620
3220,1839,614
3221,1893,615
3222,1856,614
3223,1844,620
3224,1849,605
3225,1874,612
3226,1884,581
3227,1854,607
3228,1827,612
3229,1875,607
3230,1867,600
3231,1847,623
3232,1832,617
3233,1840,609
3234,1850,598
3235,1841,613
3236,1835,599
3237,1847,625
3238,1875,601
3239,1820,622
3240,1861,615
3241,1858,605
3242,1855,613
3243,1858,616
3244,1861,606
3245,1866,619
3246,1845,610
3247,1855,609
3248,1881,620
3249,1854,613
3250,1829,614
3251,1800,623
3252,1849,608
3253,1862,617
3254,1846,619
3255,1850,604
3256,1861,608
3257,1863,596
3258,1836,609
3259,1844,617
3260,1852,617
3261,1840,610
3262,1837,622
3263,1846,605
3264,1861,596
3265,1817,622
3266,1854,606
3267,1878,605
3268,1873,610
3269,1837,588
3270,1821,621
3271,1864,619
3272,1861,604
3273,1888,601
3274,1849,604
3275,1843,624
3276,1832,612
3277,1838,598
3278,1861,600
3279,1857,607
3280,1879,613
3281,1873,601
3282,1864,611
3283,1871,601
3284,1817,615
3285,1859,609
3286,1864,607
3287,1848,619
3288,1857,604
3289,1861,620
3290,1831,629
3291,1841,620
3292,1841,613
3293,1882,613
3294,1849,605
3295,1852,624
3296,1879,622
3297,1820,611
3298,1880,613
3299,1854,612
3300,1846,600
3301,1867,618
3302,1855,613
3303,1840,606
3304,1880,612
3305,1854,604
3306,1860,610
3307,1855,625
3308,1844,617
3309,1849,602
3310,1838,611
3311,1866,614
3312,1849,619
3313,1832,619
3314,1831,605
3315,1850,610
3316,1867,601
3317,1864,602
3318,1837,622
3319,1876,598
3320,1835,605
3321,1884,609
3322,1868,608
3323,1849,613
3324,1853,611
3325,1866,597
3326,1828,618
3327,1864,604
3328,1875,610
3329,1828,619
3330,1836,609
3331,1853,605
3332,1858,616
3333,1842,613
3334,1857,614
3335,1809,618
3336,1813,603
3337,1861,615
3338,1825,617
3339,1841,629
3340,1871,608
3341,1862,616
3342,1819,604
3343,1852,620
3344,1827,616
3345,1870,596
3346,1822,612
3347,1865,620
3348,1849,603
3349,1863,602
3350,1849,607
3351,1852,623
3352,1870,614
3353,1857,619
3354,1839,607
3355,1835,594
3356,1852,608
3357,1866,613
3358,1874,619
3359,1824,613
3360,1871,622
3361,1872,619
3362,1872,606
3363,1885,615
3364,1863,613
3365,1858,616
3366,1871,610
3367,1850,602
3368,1826,613
3369,1873,602
3370,1849,609
3371,1852,615
3372,1853,601
3373,1856,615
3374,1860,614
3375,1838,611
3376,1823,624
3377,1828,614
3378,1816,615
3379,1817,610
3380,1841,598
3381,1851,608
3382,1866,622
3383,1856,619
3384,1883,607
3385,1844,617
3386,1832,614
3387,1832,596
3388,1800,611
3389,1853,616
3390,1855,592
3391,1867,607
3392,1868,593
3393,1850,605
3394,1849,629
3395,1872,613
3396,1850,608
3397,1855,611
3398,1841,604
3399,1836,609
3400,1835,610
3401,1874,616
3402,1840,614
3403,1872,610
3404,1846,596
3405,1854,608
3406,1811,613
3407,1827,622
3408,1829,608
3409,1836,601
3410,1853,628
3411,1847,604
3412,1853,613
3413,1827,616
3414,1865,614
3415,1857,612
3416,1868,604
3417,1853,606
3418,1845,620
3419,1863,602
3420,1859,612
3421,1849,617
3422,1857,607
3423,1864,612
3424,1830,614
3425,1839,604
3426,1874,616
3427,1832,611
3428,1839,613
3429,1860,618
3430,1841,610
3431,1875,619
3432,1848,619
3433,1840,606
3434,1840,613
3435,1844,609
3436,1847,620
3437,1855,608
3438,1847,604
3439,1877,611
3440,1834,621
3441,1837,612
3442,1848,607
3443,1868,596
3444,1848,611
3445,1861,611
3446,1861,615
3447,1818,605
3448,1842,612
3449,1870,596
3450,1841,615
3451,1852,610
3452,1862,618
3453,1861,618
3454,1866,600
3455,1842,610
3456,1831,605
3457,1851,616
3458,1836,623
3459,1848,607
3460,1898,611
3461,1835,616
3462,1896,615
3463,1880,605
3464,1823,606
3465,1848,620
3466,1847,627
3467,1812,600
3468,1853,621
3469,1849,600
3470,1822,611
3471,1876,625
3472,1825,606
3473,1839,626
3474,1843,604
3475,1839,602
3476,1861,595
3477,1835,598
3478,1818,613
3479,1832,596
3480,1862,625
3481,1878,614
3482,1802,622
3483,1867,621
3484,1830,605
3485,1836,610
3486,1878,605
3487,1859,607
3488,1872,617
3489,1836,613
3490,1865,633
3491,1839,625
3492,1878,612
3493,1869,608
3494,1830,605
3495,1869,611
3496,1861,603
3497,1866,617
3498,1848,599
3499,1842,628
3500,1855,611
3501,1807,608
3502,1855,620
3503,1824,606
3504,1836,624
3505,1849,614
3506,1871,610
3507,1815,616
3508,1847,611
3509,1861,604
3510,1865,601
3511,1817,638
3512,1844,617
3513,1846,612
3514,1849,607
3515,1824,609
3516,1818,600
3517,1808,604
3518,1870,618
3519,1891,597
3520,1848,622
3521,1849,599
3522,1846,611
3523,1858,604
3524,1874,627
3525,1874,603
3526,1846,617
3527,1859,594
3528,1863,609
3529,1835,612
3530,1869,610
3531,1845,614
3532,1858,604
3533,1813,611
3534,1858,601
3535,1876,610
3536,1856,619
3537,1861,607
3538,1861,623
3539,1850,601
3540,1863,603
3541,1850,612
3542,1847,621
3543,1848,595
3544,1837,612
3545,1864,614
3546,1846,614
3547,1878,621
3548,1835,604
3549,1856,605
3550,1838,601
3551,1836,609
3552,1853,616
3553,1835,613
3554,1882,624
3555,1856,611
3556,1864,610
3557,1848,614
3558,1827,621
3559,1844,603
3560,1837,605
3561,1847,616
3562,1848,602
3563,1840,621
3564,1888,608
3565,1842,596
3566,1870,614
3567,1849,607
3568,1855,610
3569,1854,608
3570,1881,602
3571,1876,616
3572,1866,608
3573,1826,602
3574,1863,615
3575,1824,610
3576,1863,618
3577,1838,617
3578,1854,632
3579,1879,615
3580,1857,600
3581,1883,606
3582,1846,605
3583,1853,615
3584,1869,605
3585,1846,619
3586,1837,606
3587,1837,607
3588,1840,606
3589,1842,601
3590,1842,601
3591,1834,629
3592,1845,609
3593,1836,610
3594,1842,607
3595,1824,610
3596,1880,609
3597,1853,618
3598,1869,616
3599,1861,611
