timestamp_s,power_w,gpu_pct,cpu_pct
0,21.2,53.5,37.7
1,21.4,51.9,36.8
2,22.1,52.5,38.6
3,21.2,53.9,36.2
4,20.9,54.3,36.8
5,21.1,54.0,38.6
6,20.9,51.8,36.7
7,22.2,50.9,37.4
8,20.4,53.9,40.8
9,20.9,52.9,38.9
10,21.1,54.8,38.0
11,21.4,54.4,38.5
12,21.3,52.2,36.6
13,22.2,53.8,37.3
14,21.3,52.3,37.6
15,20.6,56.4,38.3
16,20.5,54.5,38.7
17,21.7,52.7,40.4
18,21.5,55.2,37.9
19,21.6,53.1,38.8
20,21.7,53.2,39.8
21,21.6,53.3,37.3
22,21.7,53.7,37.9
23,21.6,51.9,38.5
24,22.7,55.9,38.0
25,21.0,52.6,38.2
26,22.5,57.7,37.0
27,21.0,50.6,37.5
28,21.6,53.8,38.4
29,20.8,51.3,37.1
30,21.7,53.1,39.2
31,20.9,58.0,38.0
32,21.5,52.4,38.5
33,20.5,53.5,37.1
34,20.1,52.7,39.6
35,20.9,53.4,37.6
36,21.5,52.9,36.5
37,21.3,54.0,36.6
38,21.6,53.8,37.5
39,21.6,55.0,40.3
40,20.1,51.3,40.4
41,20.2,55.1,36.3
42,22.4,54.0,38.1
43,22.4,54.8,37.8
44,21.2,54.2,38.8
45,20.8,52.9,39.9
46,21.3,52.6,38.3
47,20.8,52.4,39.1
48,21.6,54.7,37.0
49,22.0,52.1,36.9
50,21.4,54.6,38.7
51,20.9,53.1,38.3
52,22.0,53.8,39.7
53,21.3,54.2,38.8
54,22.6,50.4,38.6
55,19.8,52.7,36.6
56,20.6,53.0,39.7
57,20.6,52.8,39.0
58,21.2,51.4,38.8
59,21.5,54.6,36.4
60,21.3,50.8,39.0
61,21.1,51.8,39.6
62,21.5,51.5,39.0
63,21.4,53.3,39.0
64,20.7,54.9,38.2
65,21.3,54.0,37.8
66,21.3,52.2,36.1
67,22.0,53.3,38.2
68,22.1,52.2,36.4
69,21.9,53.3,36.9
70,21.6,56.0,39.9
71,20.5,52.7,40.2
72,21.1,53.3,37.6
73,21.0,53.6,37.4
74,22.3,56.6,38.2
75,21.8,50.3,38.1
76,21.5,51.5,37.8
77,20.8,53.3,38.6
78,21.1,54.8,37.8
79,21.6,51.8,37.8
80,21.2,54.4,36.9
81,21.4,53.7,36.9
82,21.7,53.8,38.0
83,20.5,50.2,38.8
84,21.3,53.3,38.8
85,21.0,52.0,37.4
86,22.2,53.5,36.4
87,20.1,53.3,37.6
88,21.7,52.1,36.3
89,21.1,52.5,38.8
90,22.1,52.4,37.2
91,21.6,51.2,37.1
92,21.3,51.9,39.6
93,22.7,51.2,40.8
94,21.7,53.5,39.1
95,20.5,50.9,38.7
96,22.4,52.4,37.8
97,21.2,52.6,36.6
98,22.4,54.6,37.3
99,20.5,50.2,37.9
100,21.8,51.7,37.7
101,21.1,52.0,37.6
102,21.1,51.6,36.1
103,21.2,54.1,37.1
104,21.2,49.1,38.6
105,22.1,52.0,38.7
106,20.3,57.6,36.0
107,20.7,51.9,35.6
108,21.6,50.6,37.1
109,21.5,54.0,39.0
110,21.8,53.9,39.1
111,22.0,53.5,39.1
112,21.3,55.2,37.8
113,22.1,49.8,38.1
114,22.3,51.9,36.3
115,20.3,51.2,38.6
116,21.0,49.1,37.2
117,21.0,53.9,36.1
118,21.6,52.3,34.7
119,21.1,50.8,38.5
120,20.6,56.1,38.4
121,20.8,52.5,39.2
122,22.4,54.1,39.0
123,20.4,52.4,38.3
124,21.3,55.8,37.3
125,21.8,53.3,38.6
126,20.8,53.3,37.1
127,21.9,53.9,37.2
128,22.3,53.0,38.7
129,21.2,53.2,38.3
130,20.6,54.4,38.9
131,21.2,53.5,37.9
132,21.4,54.8,38.8
133,21.5,51.4,37.7
134,21.1,52.8,37.2
135,21.4,51.0,38.8
136,21.5,55.0,39.1
137,20.6,51.7,39.4
138,20.1,52.1,37.6
139,20.9,50.6,37.0
140,20.0,55.5,37.0
141,21.7,54.3,36.9
142,21.5,51.8,38.5
143,22.0,54.1,39.4
144,20.9,53.0,37.4
145,21.5,51.4,39.0
146,21.3,55.5,38.1
147,21.8,55.7,39.0
148,21.3,52.6,36.8
149,21.4,53.6,37.8
150,20.9,52.3,38.9
151,21.9,52.6,35.8
152,20.9,52.5,37.4
153,20.6,51.0,37.3
154,20.5,52.6,38.9
155,21.5,55.7,39.1
156,20.6,54.3,37.2
157,20.5,55.6,39.6
158,22.1,51.3,38.5
159,21.8,53.5,36.3
160,21.4,55.5,36.6
161,22.0,51.4,39.0
162,21.1,54.2,36.3
163,20.6,53.4,38.8
164,21.1,55.1,39.2
165,20.2,52.4,38.5
166,20.4,52.5,37.2
167,21.5,53.6,36.7
168,20.8,51.6,39.0
169,21.1,54.3,36.9
170,22.0,53.7,37.6
171,21.9,54.7,38.5
172,23.0,51.4,36.3
173,21.7,52.9,38.0
174,21.5,53.9,38.6
175,21.5,54.7,37.1
176,21.4,53.1,39.2
177,21.1,54.9,37.9
178,21.7,53.3,36.9
179,20.5,50.4,37.4
180,22.2,55.4,38.8
181,21.4,48.5,37.7
182,21.2,53.9,37.2
183,21.7,54.7,37.8
184,21.3,50.8,36.7
185,21.2,50.9,38.8
186,21.4,56.6,37.6
187,21.7,54.3,39.3
188,21.1,51.1,37.3
189,20.0,51.3,39.0
190,21.6,52.9,38.9
191,22.0,54.0,36.9
192,20.9,52.7,38.4
193,21.0,53.5,36.6
194,21.6,51.2,39.6
195,21.0,50.5,37.7
196,21.1,51.3,40.0
197,20.5,53.7,38.2
198,21.6,55.3,36.6
199,22.2,52.1,38.0
200,21.2,50.4,37.1
201,21.3,51.1,38.9
202,21.3,52.5,37.1
203,21.4,52.1,39.8
204,20.1,52.3,39.2
205,21.8,53.0,40.4
206,21.8,51.2,37.9
207,21.4,52.7,38.3
208,21.3,50.2,39.0
209,20.3,52.4,37.8
210,21.3,54.5,37.8
211,20.8,52.5,38.0
212,21.7,52.0,39.5
213,22.9,50.7,37.6
214,22.3,53.7,36.2
215,21.2,50.9,37.1
216,21.1,52.8,37.7
217,21.2,50.8,39.1
218,20.7,52.0,39.6
219,21.2,53.3,36.1
220,20.6,53.6,41.2
221,21.8,55.4,37.1
222,21.6,55.6,37.4
223,21.8,52.0,38.1
224,21.0,53.1,39.8
225,21.1,53.0,37.9
226,20.9,54.2,40.9
227,22.1,52.4,35.2
228,21.1,51.6,38.8
229,20.7,56.3,40.1
230,23.0,52.0,38.2
231,21.5,53.5,36.5
232,20.9,54.9,38.9
233,21.6,53.1,35.0
234,22.2,53.9,38.7
235,21.7,54.1,37.5
236,21.0,51.4,38.8
237,21.4,53.4,37.6
238,21.6,51.0,37.9
239,21.7,54.5,38.8
240,20.7,53.8,36.2
241,22.0,57.4,39.5
242,21.2,53.4,34.7
243,20.8,51.4,39.3
244,20.7,50.6,37.7
245,21.3,50.3,37.6
246,21.9,53.6,36.8
247,20.1,51.1,36.9
248,21.6,54.7,38.5
249,22.4,52.5,38.9
250,22.0,55.4,36.2
251,20.8,53.3,37.0
252,21.5,52.3,39.8
253,20.0,53.0,38.8
254,20.2,52.7,39.8
255,20.6,50.0,38.3
256,22.6,54.7,38.0
257,22.1,51.6,39.0
258,21.7,50.2,38.4
259,21.0,52.8,40.8
260,21.0,50.8,38.0
261,20.9,54.3,39.9
262,22.1,53.4,38.1
263,20.1,53.3,39.9
264,21.3,51.3,38.1
265,21.3,55.7,38.2
266,20.3,53.7,39.4
267,20.9,54.1,37.9
268,20.2,51.6,39.0
269,21.3,50.3,37.0
270,21.7,52.5,38.1
271,21.9,51.5,40.8
272,20.8,53.2,40.3
273,22.1,52.7,36.6
274,21.3,54.4,37.7
275,21.2,54.5,37.5
276,20.5,53.8,38.3
277,20.5,52.5,39.1
278,21.6,54.4,38.2
279,21.7,55.8,39.3
280,20.4,52.4,39.3
281,21.5,53.0,39.7
282,21.1,51.0,36.5
283,21.8,51.4,40.6
284,21.8,51.0,38.1
285,21.9,51.4,37.2
286,20.6,52.4,39.8
287,20.3,51.7,36.4
288,21.1,55.0,37.1
289,21.0,55.2,39.0
290,20.8,51.0,39.2
291,21.2,51.3,37.2
292,21.5,53.7,38.1
293,22.1,52.0,38.2
294,21.4,53.3,37.4
295,20.6,53.4,38.6
296,20.7,52.7,38.1
297,21.0,53.0,35.8
298,21.4,52.8,40.4
299,21.2,54.2,36.6
300,20.4,53.9,38.7
301,22.1,53.8,39.6
302,20.5,52.4,39.2
303,21.5,51.2,38.0
304,20.7,53.1,37.0
305,22.0,52.3,37.8
306,22.0,52.6,36.5
307,21.3,51.7,38.3
308,20.7,51.8,37.4
309,20.5,54.3,38.4
310,22.0,55.7,35.3
311,21.1,53.5,37.5
312,21.0,51.0,38.1
313,21.9,51.8,37.9
314,21.1,52.7,36.1
315,21.5,52.1,38.4
316,22.4,51.7,39.5
317,21.4,52.9,38.0
318,21.2,54.1,37.6
319,20.9,52.2,39.7
320,22.2,53.3,39.8
321,21.4,54.3,38.5
322,21.0,53.0,37.4
323,21.3,52.6,36.3
324,21.8,53.0,36.4
325,22.3,51.1,37.5
326,20.6,51.2,37.8
327,20.8,54.3,38.9
328,20.9,54.2,36.8
329,22.0,54.1,38.4
330,21.4,51.0,38.9
331,21.7,53.8,40.1
332,21.2,52.2,36.2
333,21.1,52.1,39.8
334,21.0,50.4,37.7
335,20.9,53.0,37.7
336,20.9,51.6,38.3
337,21.3,52.8,37.1
338,21.3,55.0,40.2
339,20.7,50.9,39.0
340,21.5,54.4,34.8
341,21.2,52.8,38.0
342,22.0,50.4,38.1
343,22.5,53.1,39.1
344,20.3,52.9,37.4
345,21.2,55.8,39.5
346,20.9,53.7,38.4
347,21.1,52.9,39.0
348,20.4,53.8,40.0
349,21.1,54.0,37.8
350,21.7,52.9,37.7
351,20.8,52.5,37.2
352,21.3,50.4,38.5
353,21.4,51.5,39.2
354,20.7,54.3,37.3
355,22.2,54.0,39.4
356,20.8,53.5,38.9
357,21.2,52.5,37.9
358,21.6,53.9,36.0
359,21.2,51.5,38.0
360,21.8,54.8,37.9
361,19.5,54.4,35.5
362,22.0,54.5,36.0
363,22.0,51.9,35.2
364,21.0,52.4,39.3
365,21.5,53.2,38.6
366,20.0,55.2,37.0
367,20.3,54.0,38.6
368,21.6,54.8,40.8
369,20.0,52.2,39.7
370,22.0,53.4,37.9
371,20.5,54.6,39.5
372,23.0,51.0,36.1
373,21.5,54.5,38.0
374,19.7,54.4,38.8
375,20.6,52.6,39.0
376,21.2,53.5,37.7
377,20.8,53.7,37.6
378,21.5,52.9,39.0
379,21.5,51.9,38.4
380,20.6,55.5,39.1
381,21.9,54.2,40.3
382,21.8,55.3,38.8
383,21.1,50.3,37.2
384,20.7,52.4,38.1
385,20.8,52.4,37.6
386,20.9,49.0,39.7
387,22.1,53.5,37.8
388,21.7,53.5,36.4
389,21.2,56.2,37.0
390,21.2,51.7,38.9
391,21.2,56.1,38.6
392,21.7,53.5,37.1
393,22.0,54.6,37.8
394,20.9,54.1,36.2
395,20.1,52.2,38.0
396,20.3,53.0,39.3
397,20.8,53.3,38.2
398,21.9,54.6,40.2
399,20.4,55.9,37.5
400,20.6,53.0,37.8
401,20.8,51.7,40.9
402,20.8,51.8,36.0
403,21.5,51.8,36.7
404,21.6,52.8,39.9
405,21.0,53.7,36.5
406,20.5,51.7,38.6
407,21.5,50.4,37.5
408,20.8,53.3,38.5
409,21.6,52.7,38.4
410,22.1,52.2,40.3
411,21.5,50.0,38.0
412,21.6,51.4,38.8
413,20.9,52.4,37.5
414,21.3,50.5,38.1
415,21.7,54.0,38.2
416,21.4,52.2,37.4
417,20.8,53.6,37.1
418,22.2,51.2,40.2
419,21.6,52.9,37.4
420,20.5,53.8,37.4
421,21.3,52.4,36.8
422,21.8,52.3,39.7
423,20.9,52.9,37.4
424,21.5,53.7,39.8
425,21.5,55.2,38.0
426,20.7,52.9,37.5
427,21.7,53.2,38.3
428,22.3,55.8,38.7
429,21.0,55.3,39.2
430,21.9,53.7,36.3
431,21.0,51.3,38.8
432,20.4,51.9,35.9
433,21.2,52.9,39.0
434,20.4,52.3,37.0
435,21.2,52.3,36.9
436,20.6,54.7,36.1
437,21.1,53.4,39.7
438,21.6,52.3,38.2
439,21.3,54.7,38.9
440,21.0,52.7,38.3
441,22.0,52.8,37.4
442,20.9,50.7,37.7
443,21.4,52.3,37.5
444,21.0,50.1,39.4
445,20.6,54.2,39.1
446,21.3,53.8,37.6
447,20.8,51.5,38.0
448,21.1,52.2,38.2
449,21.8,52.2,35.3
450,21.0,55.2,37.8
451,21.1,51.1,38.2
452,20.8,53.7,36.6
453,21.4,52.7,38.9
454,20.5,55.4,39.4
455,20.1,53.4,37.1
456,20.1,52.8,37.9
457,22.1,52.4,36.3
458,20.5,54.0,39.6
459,21.6,54.4,39.2
460,21.8,56.3,38.9
461,20.7,52.6,38.8
462,21.5,53.2,38.8
463,21.8,54.9,35.0
464,21.3,55.2,37.5
465,22.5,55.4,36.8
466,22.1,49.4,37.7
467,22.6,53.4,35.6
468,21.4,50.8,35.7
469,21.0,53.5,36.5
470,21.1,55.2,38.2
471,21.1,56.1,39.2
472,22.0,51.3,39.1
473,21.4,53.8,37.8
474,20.1,51.2,37.5
475,21.3,53.0,35.4
476,21.8,53.5,37.3
477,22.3,51.2,38.4
478,21.5,54.5,39.3
479,21.8,52.3,39.5
480,21.1,53.4,39.9
481,21.7,52.2,38.8
482,21.2,51.9,37.8
483,21.1,51.7,37.4
484,20.6,53.2,36.9
485,22.3,51.6,38.9
486,20.3,52.1,38.2
487,21.0,53.3,39.4
488,21.5,51.4,38.3
489,21.8,53.6,37.2
490,21.2,51.6,37.9
491,20.9,51.6,37.1
492,21.6,51.5,39.5
493,21.6,53.2,38.7
494,21.2,54.9,38.4
495,21.5,55.4,38.2
496,20.9,54.4,40.0
497,20.7,52.8,36.9
498,21.5,54.1,36.9
499,21.5,53.4,36.6
500,21.8,53.3,36.3
501,21.2,53.4,36.9
502,20.8,51.9,38.1
503,20.9,53.5,36.5
504,21.3,54.2,39.4
505,22.5,53.0,36.8
506,20.6,51.7,39.6
507,20.1,53.5,38.7
508,21.6,53.2,38.0
509,21.5,53.4,38.2
510,22.5,55.6,37.3
511,20.8,55.0,38.3
512,21.3,55.8,41.4
513,20.7,53.6,38.2
514,22.4,52.2,37.5
515,21.0,52.0,40.8
516,19.9,54.9,37.7
517,20.3,53.7,38.1
518,21.7,54.7,37.6
519,21.4,56.1,39.3
520,21.4,54.5,37.2
521,22.2,52.4,37.5
522,22.1,52.6,37.9
523,21.4,48.7,38.2
524,21.1,51.1,38.2
525,21.3,50.8,38.5
526,21.3,51.9,37.7
527,21.4,51.0,39.7
528,21.7,52.9,38.9
529,21.5,53.8,39.3
530,21.3,51.2,37.4
531,21.8,51.7,38.3
532,21.9,55.6,35.7
533,22.0,52.2,36.8
534,20.0,54.3,39.9
535,22.0,53.2,39.0
536,21.8,51.7,39.2
537,21.2,55.2,37.3
538,21.5,54.5,38.2
539,21.1,52.6,38.8
540,22.1,53.9,37.2
541,21.5,52.7,37.3
542,20.8,52.5,39.0
543,21.0,55.8,38.0
544,20.9,52.8,38.0
545,21.5,51.6,37.6
546,22.1,53.2,40.0
547,20.7,50.5,39.2
548,21.8,53.1,38.2
549,21.5,52.8,37.1
550,21.9,50.4,38.5
551,22.3,52.0,38.1
552,20.4,53.2,36.7
553,21.1,50.8,38.3
554,21.8,53.0,39.7
555,22.5,52.6,38.6
556,21.6,51.0,38.3
557,21.5,55.1,38.0
558,21.6,55.6,37.8
559,20.2,55.1,39.9
560,21.4,51.6,39.6
561,22.4,52.7,38.9
562,21.3,54.6,36.4
563,22.3,51.1,38.0
564,21.0,53.4,37.5
565,21.0,52.0,36.8
566,20.9,53.4,39.3
567,21.1,51.8,38.6
568,20.2,56.6,37.0
569,21.9,52.3,37.5
570,20.7,51.4,35.9
571,21.6,51.7,38.4
572,23.0,52.7,36.4
573,21.1,51.6,38.4
574,19.6,52.7,38.8
575,21.2,49.8,37.1
576,21.4,53.3,40.2
577,21.6,54.3,40.0
578,20.6,52.5,37.8
579,21.7,53.7,37.4
580,20.6,54.8,38.4
581,21.9,51.1,38.5
582,21.3,52.6,37.8
583,21.4,51.4,37.5
584,21.0,53.2,37.0
585,21.2,52.7,37.9
586,23.0,55.7,38.6
587,21.9,56.3,37.1
588,20.5,54.0,38.1
589,21.2,54.5,39.4
590,21.4,53.5,36.4
591,21.6,51.4,36.0
592,21.4,54.1,38.6
593,20.8,54.1,38.1
594,21.2,52.2,37.4
595,21.2,53.1,37.7
596,21.1,50.2,40.1
597,20.8,54.1,37.4
598,21.2,52.2,39.7
599,21.3,54.1,37.5
600,20.8,53.3,35.5
601,21.6,52.6,40.1
602,21.5,53.1,38.9
603,20.8,52.7,36.9
604,20.7,54.2,38.1
605,21.8,56.0,37.8
606,21.3,52.9,36.8
607,22.1,53.4,36.6
608,21.6,52.8,36.5
609,21.2,53.8,36.8
610,21.7,50.7,38.6
611,22.0,52.1,38.2
612,20.8,55.2,36.8
613,21.0,51.0,39.4
614,21.2,51.0,37.3
615,22.3,53.2,36.7
616,21.1,50.1,38.6
617,21.3,52.5,38.3
618,21.0,53.8,38.2
619,21.2,53.4,37.8
620,21.5,53.2,37.3
621,21.5,52.6,38.3
622,21.6,51.2,37.8
623,20.5,50.7,38.2
624,20.6,54.4,38.0
625,21.9,51.2,36.8
626,21.3,54.7,34.0
627,21.6,52.5,40.1
628,22.0,52.7,36.4
629,21.4,53.6,36.3
630,21.4,50.9,39.0
631,20.9,51.9,36.0
632,20.9,51.0,36.4
633,21.0,52.9,38.3
634,21.7,52.8,38.6
635,20.3,52.0,38.0
636,20.9,54.5,35.5
637,21.0,56.5,38.1
638,20.6,52.3,37.1
639,21.1,52.3,39.2
640,21.5,53.4,39.1
641,21.6,52.0,37.3
642,21.4,52.2,38.3
643,20.8,54.0,36.3
644,20.6,54.3,35.5
645,21.4,53.5,40.4
646,20.4,54.2,37.1
647,21.4,52.4,37.6
648,22.0,51.5,37.8
649,21.7,53.8,36.5
650,20.7,56.1,39.3
651,21.0,54.7,40.7
652,21.4,52.7,37.6
653,20.2,54.1,39.2
654,21.8,54.1,37.5
655,21.1,54.5,37.9
656,21.7,53.6,37.0
657,20.4,51.9,38.8
658,21.1,53.5,37.4
659,21.3,51.4,38.1
660,21.3,51.7,37.2
661,21.9,51.4,37.0
662,20.9,54.9,37.8
663,21.0,57.3,37.6
664,20.6,52.8,35.0
665,21.7,53.3,36.7
666,21.2,52.9,38.3
667,20.8,53.2,38.3
668,21.2,53.7,37.2
669,21.7,52.3,37.6
670,21.7,53.9,37.2
671,21.5,53.1,37.1
672,21.6,53.0,37.4
673,21.8,51.3,39.3
674,21.4,51.3,35.2
675,21.1,55.6,36.8
676,21.7,53.0,36.0
677,21.1,51.7,36.0
678,21.3,53.1,38.2
679,22.1,52.8,37.4
680,21.1,54.8,36.9
681,22.0,50.1,39.1
682,20.8,52.7,38.4
683,21.2,53.8,39.3
684,22.1,53.5,38.3
685,21.1,55.0,37.3
686,22.2,51.4,38.1
687,20.4,53.7,36.7
688,20.7,53.6,37.9
689,21.0,53.2,38.3
690,21.6,54.8,38.9
691,21.0,54.7,38.6
692,22.0,55.5,38.7
693,21.4,53.6,37.5
694,20.6,53.4,37.8
695,21.0,52.1,38.2
696,20.7,53.5,36.8
697,19.7,54.9,39.7
698,20.3,51.0,38.9
699,21.1,51.0,36.6
700,21.4,54.2,37.2
701,20.3,50.0,39.5
702,21.2,53.3,36.9
703,21.3,53.1,36.5
704,22.3,51.4,35.1
705,21.4,51.8,38.4
706,20.3,53.4,36.7
707,22.1,52.4,37.0
708,20.8,53.3,39.3
709,21.4,54.6,39.4
710,20.1,54.9,39.8
711,21.4,51.7,36.7
712,22.7,55.0,38.0
713,20.9,50.2,36.8
714,21.1,50.5,38.4
715,21.5,53.1,39.5
716,21.4,54.4,38.7
717,22.2,53.4,35.6
718,21.9,55.9,39.1
719,21.4,53.7,36.0
720,21.9,53.6,37.6
721,21.9,52.7,37.2
722,21.2,54.0,37.8
723,20.9,54.3,38.4
724,21.4,52.5,39.6
725,19.9,52.4,38.1
726,21.0,49.9,38.1
727,21.2,52.1,39.1
728,20.9,52.1,37.0
729,22.0,51.8,38.3
730,22.1,53.1,37.6
731,21.8,55.8,37.6
732,20.5,53.8,38.7
733,22.0,52.1,37.8
734,22.6,52.9,38.1
735,19.7,57.0,36.8
736,21.1,52.6,35.4
737,21.9,53.4,38.2
738,20.7,51.4,37.7
739,21.1,56.1,37.1
740,21.6,50.5,40.7
741,21.1,52.3,40.1
742,21.2,53.4,39.3
743,20.0,50.2,39.4
744,21.7,51.6,39.0
745,21.6,53.1,38.0
746,22.8,51.5,38.7
747,20.9,52.9,36.4
748,20.8,51.0,37.9
749,21.0,53.6,38.8
750,21.9,50.5,37.8
751,21.5,52.5,37.1
752,20.5,51.6,37.9
753,21.4,54.2,40.4
754,20.6,54.3,38.9
755,21.8,54.3,35.7
756,20.7,53.5,40.3
757,21.6,53.1,37.5
758,20.3,53.7,38.2
759,21.5,53.9,40.5
760,21.8,52.5,38.6
761,21.3,54.0,38.1
762,21.8,53.4,39.4
763,20.7,52.1,38.9
764,21.7,54.7,39.5
765,20.6,52.0,37.4
766,21.2,55.6,39.0
767,21.4,51.0,38.7
768,21.5,53.5,37.9
769,21.2,52.8,37.0
770,20.5,51.0,38.2
771,21.7,50.9,38.0
772,21.5,51.3,39.2
773,22.0,53.3,37.2
774,20.7,53.4,37.9
775,21.9,54.9,38.3
776,20.9,52.3,38.0
777,20.5,51.5,37.9
778,21.4,53.4,38.1
779,20.8,54.1,38.6
780,21.7,53.5,37.8
781,21.8,50.1,36.9
782,22.2,50.6,37.0
783,21.8,51.9,37.2
784,21.6,52.9,38.4
785,21.3,54.1,38.6
786,21.7,52.1,40.1
787,21.6,53.1,37.2
788,21.4,52.9,36.7
789,21.0,51.7,37.0
790,21.6,51.8,40.1
791,21.5,51.8,37.3
792,21.6,51.0,38.7
793,21.4,54.3,40.1
794,21.1,55.2,36.1
795,21.6,53.5,38.5
796,19.9,53.0,40.5
797,21.6,53.0,37.1
798,21.5,51.5,37.3
799,22.3,55.6,36.1
800,22.0,54.2,36.5
801,21.0,54.4,37.7
802,21.0,49.8,40.1
803,21.6,54.8,37.1
804,20.6,54.6,37.5
805,21.9,52.4,36.6
806,22.0,55.0,38.6
807,20.5,53.8,38.3
808,21.1,53.3,37.0
809,21.4,53.5,39.2
810,22.4,54.9,37.2
811,20.4,51.7,38.7
812,21.6,49.9,39.1
813,21.6,53.2,37.0
814,21.3,52.3,36.9
815,21.5,51.4,39.3
816,21.3,52.5,36.2
817,20.8,57.3,35.8
818,20.7,52.1,37.3
819,21.7,49.5,37.9
820,21.1,53.8,38.2
821,20.5,51.1,36.7
822,21.8,54.7,39.9
823,20.4,52.8,39.9
824,22.1,51.3,38.1
825,20.3,53.9,39.2
826,22.6,51.6,37.5
827,21.8,52.4,36.9
828,20.5,52.1,36.9
829,21.1,51.9,39.7
830,19.8,52.8,38.4
831,21.9,53.4,37.6
832,21.0,54.3,39.0
833,21.7,53.9,36.7
834,21.4,53.8,36.5
835,21.6,52.7,37.4
836,21.3,52.2,38.1
837,22.2,53.4,38.2
838,21.7,53.0,38.5
839,21.3,55.7,39.2
840,22.1,56.0,37.5
841,21.7,52.8,38.0
842,21.5,51.6,37.2
843,20.2,52.7,38.6
844,21.3,51.7,36.6
845,21.6,52.7,38.0
846,21.6,52.1,37.6
847,20.8,55.9,37.7
848,20.5,51.3,37.1
849,20.3,52.8,38.4
850,20.9,52.9,37.8
851,21.7,51.9,39.4
852,20.6,54.1,36.4
853,20.2,53.0,36.2
854,21.6,52.7,38.8
855,21.3,53.3,37.8
856,21.5,52.2,38.9
857,21.7,51.9,36.4
858,21.0,51.0,36.7
859,20.9,53.7,37.6
860,21.9,52.6,38.6
861,20.8,52.0,39.2
862,21.6,53.0,36.7
863,22.4,53.4,36.9
864,21.4,51.3,41.1
865,21.5,55.0,38.6
866,20.4,51.8,37.7
867,20.0,52.5,36.8
868,22.0,53.3,36.8
869,21.8,56.3,40.7
870,21.6,55.6,38.4
871,21.1,54.3,38.4
872,20.9,52.9,36.7
873,21.2,51.0,37.7
874,21.7,51.9,37.9
875,22.0,53.3,37.6
876,21.8,51.5,37.2
877,21.6,49.0,38.2
878,21.0,53.5,37.5
879,22.0,51.8,37.3
880,21.8,52.4,39.3
881,21.0,53.6,40.2
882,21.3,50.1,37.0
883,20.6,51.4,38.3
884,21.7,53.2,39.2
885,20.9,52.5,36.5
886,20.4,51.6,36.9
887,21.6,53.9,37.7
888,21.4,53.7,36.5
889,21.4,53.8,37.2
890,21.6,54.1,38.5
891,21.5,52.0,38.7
892,21.6,53.0,36.4
893,21.3,51.6,38.8
894,21.5,53.0,39.5
895,20.8,54.4,37.8
896,21.2,54.7,38.0
897,20.9,50.7,36.7
898,21.7,52.9,36.5
899,21.9,51.1,38.7
900,21.2,51.9,38.3
901,21.2,52.9,37.9
902,21.5,53.1,36.5
903,20.5,52.3,37.0
904,20.3,54.7,38.1
905,21.0,52.6,38.4
906,21.0,52.4,40.6
907,20.9,51.4,37.4
908,21.0,53.4,38.3
909,22.1,51.0,34.6
910,20.6,50.7,35.8
911,21.8,51.6,38.2
912,20.1,54.0,38.0
913,21.7,54.0,38.4
914,21.7,51.2,37.1
915,21.7,51.7,39.8
916,20.9,53.5,38.2
917,21.4,51.8,38.4
918,21.1,55.1,39.1
919,22.1,54.5,36.9
920,22.5,54.6,39.0
921,21.7,50.9,38.9
922,21.5,55.4,37.5
923,22.5,52.9,38.1
924,20.8,52.1,38.4
925,22.5,55.0,37.8
926,22.0,50.5,38.6
927,21.4,53.2,39.9
928,21.1,52.6,38.4
929,21.4,53.4,38.1
930,21.7,53.1,38.2
931,20.2,55.7,39.8
932,21.7,56.1,38.0
933,21.1,52.0,38.8
934,20.3,50.4,37.5
935,21.5,53.8,37.5
936,21.6,51.9,36.9
937,21.3,51.8,38.0
938,22.1,54.0,37.1
939,22.5,53.4,38.4
940,21.5,51.5,38.2
941,20.8,52.6,38.4
942,20.7,53.4,38.1
943,21.7,52.6,39.9
944,21.3,52.1,40.1
945,20.7,50.5,37.8
946,21.8,53.6,36.0
947,20.6,52.7,37.2
948,21.5,55.7,38.1
949,20.8,51.7,37.8
950,21.5,51.6,36.8
951,20.5,53.3,38.5
952,21.0,55.2,38.4
953,21.3,52.7,37.6
954,21.6,54.4,39.0
955,21.3,50.9,38.8
956,21.4,53.0,38.1
957,21.5,54.2,37.1
958,20.8,52.7,37.0
959,20.6,49.8,38.7
960,22.0,52.7,39.7
961,22.6,54.9,37.9
962,21.3,53.0,39.4
963,21.4,53.9,37.1
964,21.3,54.7,38.6
965,22.8,53.7,38.1
966,22.0,53.8,38.9
967,21.5,53.8,36.4
968,20.0,53.4,36.0
969,21.0,52.5,38.7
970,20.9,53.8,39.1
971,21.6,53.7,37.8
972,21.8,52.5,38.1
973,20.5,49.5,36.0
974,21.7,49.6,36.0
975,20.4,54.0,37.3
976,20.7,52.3,37.3
977,20.4,52.8,36.0
978,21.2,56.3,38.6
979,20.5,53.1,36.5
980,21.2,53.1,39.5
981,20.8,52.0,38.7
982,21.3,53.6,38.6
983,21.7,52.8,37.0
984,20.9,52.2,37.3
985,21.1,50.6,37.9
986,20.2,53.2,35.3
987,21.1,51.6,39.2
988,21.4,50.6,38.0
989,21.4,51.7,36.8
990,21.4,51.9,38.4
991,20.8,51.0,35.8
992,20.9,52.3,36.4
993,22.0,53.1,37.8
994,20.4,52.0,37.9
995,21.8,52.0,38.7
996,21.9,52.5,38.6
997,19.9,53.6,38.0
998,20.6,52.7,37.2
999,22.6,54.0,39.8
1000,22.6,53.6,38.9
1001,21.6,53.4,38.3
1002,21.2,55.0,38.1
1003,21.2,50.8,39.8
1004,21.3,52.2,38.8
1005,21.7,50.6,36.6
1006,22.2,51.5,38.2
1007,22.9,55.6,38.6
1008,21.9,49.9,39.2
1009,20.6,53.3,38.6
1010,21.2,52.3,39.7
1011,20.9,53.1,38.8
1012,20.4,55.9,36.9
1013,20.9,54.2,39.1
1014,21.0,51.3,37.0
1015,22.0,54.7,36.3
1016,21.6,53.0,37.4
1017,22.2,50.2,37.5
1018,21.2,52.1,37.5
1019,21.8,51.3,38.0
1020,21.1,51.3,41.4
1021,22.7,52.6,36.9
1022,21.2,52.8,37.6
1023,21.0,55.7,35.0
1024,21.1,51.8,37.8
1025,20.9,50.6,36.9
1026,20.5,52.8,38.6
1027,22.3,51.0,34.8
1028,22.5,53.9,37.9
1029,21.8,52.7,38.2
1030,22.0,52.0,36.0
1031,20.4,52.5,38.4
1032,21.6,51.9,37.6
1033,20.2,52.4,37.8
1034,21.8,51.3,37.5
1035,20.7,54.8,39.4
1036,21.0,53.2,37.4
1037,21.6,54.8,37.8
1038,21.9,54.7,37.5
1039,20.4,54.4,37.9
1040,21.2,52.1,40.2
1041,21.1,54.0,38.4
1042,22.2,52.4,36.6
1043,21.7,51.5,36.1
1044,20.9,52.5,37.7
1045,21.5,52.4,38.8
1046,21.0,55.7,39.7
1047,22.2,52.1,35.7
1048,21.0,51.6,39.6
1049,21.2,54.8,38.1
1050,21.6,55.3,37.7
1051,22.1,51.8,38.0
1052,21.9,54.4,37.6
1053,21.5,55.3,38.7
1054,21.1,52.8,36.6
1055,21.1,55.1,36.9
1056,20.4,54.4,35.8
1057,21.2,51.9,37.9
1058,21.8,52.5,38.4
1059,21.1,52.7,38.8
1060,20.5,53.2,37.7
1061,21.5,52.9,38.1
1062,21.1,52.1,37.9
1063,21.8,52.5,39.2
1064,22.3,52.0,39.0
1065,22.2,52.9,35.4
1066,21.6,50.4,37.3
1067,20.8,53.8,37.0
1068,21.5,53.2,39.8
1069,22.7,53.1,37.1
1070,21.9,53.0,40.2
1071,22.2,55.0,37.9
1072,21.0,51.1,38.7
1073,21.4,52.1,39.2
1074,21.2,51.9,38.5
1075,21.4,53.6,37.7
1076,22.6,50.2,37.2
1077,22.2,52.4,37.3
1078,22.1,54.9,37.1
1079,22.2,52.3,34.4
1080,22.2,55.1,36.4
1081,20.4,54.4,38.5
1082,21.0,54.9,38.4
1083,20.4,53.9,37.9
1084,20.7,53.6,38.7
1085,20.1,52.7,38.8
1086,20.6,54.9,40.0
1087,21.1,52.9,38.0
1088,22.0,52.7,36.8
1089,21.0,53.9,37.8
1090,21.2,53.0,36.8
1091,20.3,52.8,39.6
1092,20.4,53.5,37.7
1093,21.6,52.8,37.8
1094,21.6,53.1,40.6
1095,21.2,52.8,38.2
1096,20.4,54.3,39.3
1097,21.4,52.7,37.2
1098,21.4,55.2,38.6
1099,21.1,53.4,37.4
1100,21.2,54.1,37.2
1101,20.6,54.4,37.7
1102,21.1,53.8,39.3
1103,20.8,52.6,38.5
1104,20.9,56.5,38.0
1105,22.0,52.4,38.1
1106,20.6,52.0,38.7
1107,21.7,52.4,37.3
1108,21.6,51.6,37.4
1109,20.9,53.3,38.0
1110,20.8,54.9,36.4
1111,21.6,53.2,37.6
1112,22.5,51.4,39.3
1113,21.1,53.5,38.2
1114,20.8,52.6,37.0
1115,21.6,53.3,37.8
1116,20.6,50.3,37.2
1117,21.0,48.9,37.6
1118,21.6,50.3,37.2
1119,20.7,53.7,36.4
1120,21.6,52.6,39.5
1121,21.6,54.2,38.2
1122,21.2,53.2,37.9
1123,21.7,55.3,37.7
1124,21.7,51.7,37.4
1125,20.7,55.0,39.1
1126,20.6,50.6,37.8
1127,20.2,54.0,37.0
1128,20.6,54.2,39.4
1129,21.3,53.1,37.5
1130,21.6,53.8,38.4
1131,20.8,53.5,38.5
1132,21.2,54.0,38.8
1133,20.1,54.6,36.7
1134,20.7,53.7,37.2
1135,21.8,50.9,38.4
1136,20.9,53.1,37.2
1137,21.8,52.9,38.3
1138,21.9,50.4,39.9
1139,21.8,52.5,37.1
1140,21.1,54.3,36.9
1141,20.9,53.0,37.3
1142,21.8,51.6,39.5
1143,21.4,52.0,37.3
1144,21.2,52.2,38.2
1145,21.1,50.3,38.7
1146,21.8,51.3,38.7
1147,21.8,55.7,38.2
1148,21.4,51.5,38.3
1149,21.9,52.2,38.3
1150,20.9,52.6,39.6
1151,20.8,51.8,37.2
1152,21.3,54.2,38.2
1153,21.5,55.8,40.2
1154,21.0,52.2,38.6
1155,22.5,53.2,40.6
1156,21.4,51.9,37.4
1157,20.8,54.3,36.1
1158,21.2,51.4,37.9
1159,21.9,52.2,37.3
1160,20.8,52.7,37.8
1161,20.0,51.0,38.5
1162,21.6,53.5,35.9
1163,20.4,52.4,37.7
1164,21.5,51.6,38.0
1165,20.8,55.0,38.8
1166,21.7,53.8,39.4
1167,21.2,52.2,37.8
1168,19.9,54.7,40.0
1169,21.6,52.8,39.4
1170,21.1,51.5,37.9
1171,21.6,50.8,37.0
1172,22.3,52.9,35.8
1173,20.7,53.8,38.3
1174,21.5,54.4,37.8
1175,21.4,52.2,37.0
1176,21.0,53.9,35.5
1177,21.1,50.6,36.4
1178,21.1,52.6,38.7
1179,20.6,52.3,39.0
1180,21.1,52.4,40.3
1181,22.0,55.2,39.2
1182,20.8,51.9,37.2
1183,20.7,52.7,37.8
1184,21.3,53.5,38.7
1185,21.0,52.8,40.1
1186,22.2,52.9,38.7
1187,21.8,54.5,37.7
1188,21.4,51.9,39.7
1189,21.8,51.7,36.4
1190,21.5,53.4,37.3
1191,21.6,52.4,39.2
1192,21.9,54.2,36.9
1193,20.9,52.5,37.5
1194,20.6,52.1,36.9
1195,22.7,52.5,38.0
1196,21.6,51.4,38.9
1197,21.2,53.1,38.4
1198,21.4,52.7,36.8
1199,21.9,52.3,38.8
1200,20.7,51.9,40.5
1201,21.8,54.7,38.1
1202,21.6,49.7,36.2
1203,21.0,55.8,37.9
1204,21.2,50.7,38.6
1205,21.3,52.2,35.6
1206,20.1,53.0,37.8
1207,21.1,52.8,34.8
1208,22.1,54.6,36.7
1209,20.9,54.1,37.2
1210,22.3,51.8,37.2
1211,21.7,52.3,36.8
1212,22.6,53.1,37.8
1213,21.4,53.0,38.0
1214,21.9,53.4,38.4
1215,23.0,51.6,38.2
1216,20.5,52.6,39.0
1217,20.9,54.3,39.1
1218,21.5,54.1,37.1
1219,21.8,51.6,38.6
1220,21.4,52.0,37.3
1221,22.0,53.1,36.8
1222,21.3,55.7,38.8
1223,20.9,55.3,38.7
1224,20.4,51.9,38.0
1225,20.3,50.7,38.2
1226,21.3,50.2,38.4
1227,21.4,54.0,36.7
1228,20.5,54.1,40.0
1229,21.0,51.1,35.4
1230,21.3,52.7,38.1
1231,21.5,52.7,37.8
1232,20.5,51.2,39.8
1233,21.3,51.6,39.5
1234,22.1,50.4,39.7
1235,20.8,53.3,36.6
1236,21.7,55.8,38.7
1237,21.5,55.7,37.7
1238,20.9,52.5,38.2
1239,21.1,54.8,35.7
1240,22.1,53.0,39.3
1241,21.7,51.2,37.2
1242,20.9,52.4,37.9
1243,22.2,51.5,37.4
1244,22.0,52.6,38.3
1245,21.8,52.5,38.7
1246,20.8,53.6,37.9
1247,20.8,52.8,37.4
1248,21.5,51.7,39.8
1249,21.9,53.1,38.5
1250,20.9,54.9,37.5
1251,21.1,54.7,38.3
1252,20.8,55.4,38.7
1253,20.6,55.4,38.7
1254,20.7,54.4,37.9
1255,21.9,53.0,35.5
1256,20.6,53.7,38.3
1257,21.5,51.7,37.2
1258,21.5,50.9,40.1
1259,22.2,51.8,37.8
1260,20.6,52.8,38.8
1261,22.5,53.3,37.4
1262,21.2,54.2,38.2
1263,22.0,54.0,37.1
1264,21.4,51.7,37.7
1265,21.4,50.9,36.9
1266,22.2,53.7,38.2
1267,21.9,51.3,37.3
1268,21.3,55.7,38.2
1269,21.2,51.9,37.2
1270,20.4,52.5,38.8
1271,21.9,53.6,37.3
1272,21.8,54.1,39.8
1273,22.5,53.7,38.2
1274,21.5,55.2,38.7
1275,21.8,51.9,37.3
1276,21.6,53.7,36.9
1277,20.3,51.2,39.0
1278,21.6,53.3,37.9
1279,20.6,52.4,38.7
1280,21.2,56.1,39.3
1281,22.0,54.1,36.8
1282,21.5,52.7,38.9
1283,22.3,53.1,39.9
1284,20.9,51.7,37.2
1285,21.7,51.3,38.9
1286,21.7,55.0,37.8
1287,20.5,52.8,39.5
1288,20.9,53.8,38.0
1289,20.3,52.8,37.4
1290,20.5,52.9,36.9
1291,21.5,53.6,38.6
1292,20.0,51.5,39.3
1293,21.7,52.6,39.0
1294,20.8,52.6,38.7
1295,22.2,51.2,37.2
1296,21.6,52.2,40.6
1297,21.2,54.3,36.3
1298,21.5,53.2,37.8
1299,22.7,52.8,38.6
1300,20.2,55.4,37.9
1301,21.7,51.8,38.0
1302,20.8,49.8,39.1
1303,20.8,52.9,37.9
1304,21.7,54.0,36.2
1305,21.7,53.6,38.0
1306,21.2,51.2,37.1
1307,21.4,50.3,38.2
1308,21.7,53.0,37.0
1309,21.2,54.8,39.2
1310,20.3,53.1,39.0
1311,21.2,52.4,39.1
1312,21.5,53.5,37.1
1313,21.7,52.0,37.3
1314,21.2,55.2,36.9
1315,21.0,50.1,37.5
1316,22.4,53.4,37.9
1317,21.5,52.7,38.8
1318,20.9,54.7,39.4
1319,21.6,55.8,38.2
1320,21.1,52.5,39.0
1321,21.3,51.8,38.2
1322,22.2,53.0,38.2
1323,21.3,54.5,37.8
1324,21.9,53.7,37.9
1325,22.3,50.6,38.3
1326,21.1,53.8,38.9
1327,21.1,51.8,37.7
1328,20.9,53.6,38.3
1329,20.7,49.3,39.2
1330,21.5,51.6,37.6
1331,21.9,51.9,37.2
1332,21.0,51.9,37.9
1333,21.6,50.2,37.7
1334,21.3,53.9,39.7
1335,21.2,52.0,37.7
1336,20.3,52.3,39.6
1337,21.6,52.9,37.0
1338,21.6,53.3,36.4
1339,22.4,53.9,34.5
1340,21.9,53.4,37.8
1341,21.3,51.6,37.6
1342,21.7,55.0,35.5
1343,20.9,53.6,36.2
1344,21.1,51.8,36.3
1345,22.0,53.0,37.8
1346,21.6,52.9,40.7
1347,21.2,53.0,39.7
1348,21.1,51.3,38.1
1349,20.6,54.4,39.6
1350,21.1,53.6,38.2
1351,20.8,53.8,37.1
1352,20.0,50.7,39.3
1353,21.1,51.9,38.3
1354,22.0,52.8,39.1
1355,22.0,55.0,39.0
1356,22.0,52.6,38.4
1357,20.9,53.0,37.4
1358,21.6,54.2,40.3
1359,21.7,51.7,39.4
1360,21.6,52.0,37.8
1361,20.8,50.2,37.9
1362,21.0,54.6,39.2
1363,21.6,55.3,38.4
1364,20.4,55.7,39.6
1365,21.9,51.6,37.4
1366,22.0,51.8,41.0
1367,20.6,54.5,37.7
1368,21.4,54.3,41.0
1369,21.0,53.3,35.9
1370,21.4,54.0,38.4
1371,21.5,51.6,38.2
1372,21.5,52.3,36.0
1373,21.5,54.0,36.2
1374,21.6,53.4,39.6
1375,20.7,54.9,37.1
1376,21.6,51.9,38.4
1377,22.0,51.8,35.9
1378,21.4,54.3,38.1
1379,21.0,53.2,37.0
1380,22.1,51.7,38.2
1381,21.2,52.6,37.4
1382,22.5,52.5,38.1
1383,21.6,53.0,39.1
1384,22.4,52.0,39.5
1385,21.0,55.0,39.1
1386,20.8,54.3,36.0
1387,20.6,55.1,37.8
1388,20.9,52.7,38.1
1389,21.2,53.7,38.5
1390,21.8,51.8,39.0
1391,20.7,50.4,36.4
1392,20.9,52.8,39.6
1393,21.2,52.4,39.8
1394,20.6,54.4,38.1
1395,21.8,52.5,37.2
1396,21.5,54.1,41.4
1397,21.7,53.7,39.0
1398,22.1,53.3,40.7
1399,21.9,52.2,37.7
1400,22.2,51.2,38.8
1401,21.8,52.2,39.4
1402,22.0,53.8,37.7
1403,22.0,51.4,39.2
1404,21.2,55.0,38.0
1405,19.9,54.2,38.6
1406,20.1,53.8,39.0
1407,21.0,53.8,37.5
1408,21.4,52.3,38.0
1409,21.0,53.4,38.0
1410,20.2,52.9,39.9
1411,22.0,52.8,37.0
1412,22.0,52.1,37.0
1413,21.5,53.8,39.1
1414,22.4,55.9,39.2
1415,21.3,52.4,36.5
1416,20.7,52.2,38.8
1417,21.2,52.9,36.2
1418,21.7,52.4,39.5
1419,22.3,53.7,39.0
1420,22.3,53.9,39.3
1421,22.4,53.2,39.0
1422,20.3,55.4,36.7
1423,20.4,52.5,38.3
1424,21.5,53.5,37.9
1425,21.1,53.1,39.8
1426,21.3,53.3,37.6
1427,20.9,51.2,38.3
1428,20.8,53.6,39.4
1429,22.0,55.0,36.6
1430,22.3,51.6,37.2
1431,21.9,53.0,39.0
1432,21.1,51.3,40.9
1433,21.4,51.0,38.6
1434,21.2,52.2,39.3
1435,21.6,53.3,35.9
1436,20.6,53.6,36.0
1437,22.7,52.3,39.0
1438,20.6,49.7,39.8
1439,22.2,53.6,39.8
1440,21.9,53.3,38.8
1441,21.3,52.7,36.7
1442,21.3,52.6,39.6
1443,21.5,53.6,38.4
1444,20.8,52.7,38.8
1445,21.5,52.9,38.2
1446,21.1,54.3,37.3
1447,21.0,52.7,37.1
1448,21.2,54.8,38.4
1449,20.9,53.8,36.0
1450,21.3,53.4,36.5
1451,20.2,53.0,36.0
1452,21.5,54.9,38.8
1453,21.9,52.8,37.9
1454,21.2,52.4,37.1
1455,21.5,53.6,37.5
1456,20.9,53.3,36.5
1457,21.1,51.9,38.4
1458,21.1,53.7,37.0
1459,21.6,53.4,39.1
1460,21.1,53.0,37.4
1461,21.4,53.4,36.9
1462,21.6,53.9,37.1
1463,20.9,54.9,38.9
1464,21.7,53.7,38.7
1465,21.2,54.0,35.7
1466,20.8,55.4,37.6
1467,20.9,52.3,39.6
1468,21.0,56.0,38.5
1469,21.2,56.2,38.2
1470,22.3,52.2,37.9
1471,20.8,52.2,37.0
1472,20.7,53.2,38.6
1473,21.1,53.8,38.5
1474,22.1,50.2,36.8
1475,21.0,56.2,38.6
1476,21.4,53.2,37.3
1477,22.0,51.5,37.4
1478,22.1,54.2,37.5
1479,21.0,52.3,37.0
1480,21.3,53.2,39.3
1481,21.8,53.6,38.0
1482,20.8,53.6,37.3
1483,21.4,50.3,37.7
1484,21.6,54.1,39.5
1485,20.5,53.8,37.2
1486,20.9,52.2,38.1
1487,21.3,50.1,36.0
1488,21.5,54.1,37.7
1489,20.5,54.2,37.8
1490,21.1,51.8,36.2
1491,21.3,52.3,37.1
1492,22.0,52.4,38.8
1493,21.3,54.6,36.7
1494,20.3,51.8,37.3
1495,20.7,53.8,37.3
1496,20.8,53.6,37.9
1497,21.9,55.1,39.3
1498,20.6,51.5,39.1
1499,20.7,51.6,39.4
1500,20.9,54.2,36.7
1501,21.1,54.9,38.2
1502,21.5,53.7,37.3
1503,20.8,48.6,39.0
1504,22.4,51.9,38.6
1505,20.2,53.6,37.3
1506,21.1,53.6,39.1
1507,22.2,54.3,37.7
1508,21.8,51.5,37.7
1509,20.9,52.8,39.9
1510,21.2,54.0,37.3
1511,21.2,52.4,37.2
1512,21.3,53.1,38.2
1513,21.4,51.6,37.5
1514,20.7,51.9,34.7
1515,20.9,50.6,40.4
1516,22.2,55.6,37.7
1517,21.3,52.6,36.3
1518,20.7,51.4,38.0
1519,21.2,53.6,37.5
1520,21.1,52.6,36.6
1521,19.9,52.4,37.0
1522,20.8,52.9,38.1
1523,20.7,50.6,37.6
1524,20.8,52.0,36.9
1525,21.5,51.1,39.0
1526,21.7,52.0,38.0
1527,21.5,52.7,38.0
1528,20.2,52.9,38.0
1529,21.4,53.8,39.5
1530,21.7,50.2,36.9
1531,20.1,54.8,38.4
1532,20.9,53.8,39.3
1533,20.9,54.7,37.3
1534,21.7,53.2,40.2
1535,21.9,55.0,37.0
1536,21.1,51.4,37.3
1537,21.8,54.5,37.6
1538,21.4,51.4,41.5
1539,20.3,52.3,39.5
1540,20.9,52.7,38.7
1541,21.3,53.6,39.0
1542,20.0,53.9,38.4
1543,22.1,53.1,37.9
1544,22.4,51.0,39.7
1545,21.4,50.3,37.0
1546,21.0,51.7,38.6
1547,22.6,51.2,39.1
1548,21.6,52.0,38.1
1549,22.6,51.8,37.8
1550,21.2,51.3,37.5
1551,22.7,54.0,39.9
1552,20.9,56.4,38.7
1553,20.9,51.0,40.5
1554,21.0,52.9,38.4
1555,21.7,53.0,39.5
1556,21.2,51.0,37.6
1557,22.5,51.6,39.0
1558,20.4,54.9,38.8
1559,20.5,53.0,36.2
1560,20.9,51.6,37.7
1561,22.0,52.8,38.2
1562,21.0,50.7,39.3
1563,22.4,51.9,38.7
1564,21.8,54.0,40.3
1565,20.6,52.4,37.3
1566,21.5,52.7,37.7
1567,22.0,50.8,38.6
1568,21.9,50.9,39.2
1569,21.9,51.6,40.6
1570,20.7,56.0,38.1
1571,21.7,53.7,40.2
1572,22.3,52.8,38.5
1573,20.8,54.0,39.3
1574,21.6,54.0,39.0
1575,21.0,52.0,36.0
1576,21.0,50.1,37.0
1577,21.2,55.8,41.0
1578,20.4,54.8,38.8
1579,21.2,53.4,38.9
1580,21.1,52.4,39.2
1581,21.4,52.2,37.8
1582,21.2,52.7,38.2
1583,20.5,51.9,38.6
1584,21.0,53.6,37.8
1585,20.8,53.5,38.3
1586,21.5,55.7,38.2
1587,20.7,54.8,36.5
1588,21.5,56.1,39.6
1589,21.3,51.3,37.7
1590,23.0,53.4,37.7
1591,21.4,55.3,37.7
1592,21.1,51.7,36.8
1593,20.9,50.9,37.7
1594,21.2,52.8,36.3
1595,21.1,54.7,38.8
1596,21.0,53.9,36.9
1597,20.6,53.7,39.5
1598,21.4,54.6,37.8
1599,20.9,53.8,38.8
1600,21.2,53.9,39.4
1601,21.5,52.0,38.6
1602,21.1,53.8,37.8
1603,21.3,52.7,38.9
1604,20.9,51.4,36.7
1605,21.4,53.9,37.1
1606,21.3,53.3,40.4
1607,22.5,52.5,38.7
1608,21.7,53.2,40.2
1609,21.3,52.6,37.7
1610,21.3,53.5,35.9
1611,21.6,51.7,40.0
1612,21.3,50.3,37.5
1613,20.1,53.9,40.0
1614,22.3,53.2,38.2
1615,20.5,51.7,36.9
1616,20.7,52.1,38.2
1617,22.4,52.0,39.8
1618,21.0,54.2,38.2
1619,21.0,53.5,38.2
1620,21.9,52.2,39.1
1621,20.6,54.6,39.8
1622,20.7,51.8,36.8
1623,21.7,54.7,40.0
1624,21.3,50.8,38.1
1625,20.6,55.3,38.1
1626,21.0,55.1,37.0
1627,22.1,52.3,38.9
1628,21.6,51.5,37.9
1629,21.5,50.8,37.2
1630,20.5,51.6,36.9
1631,21.0,52.1,39.2
1632,20.4,51.0,38.2
1633,20.4,53.5,38.1
1634,21.3,54.2,38.7
1635,20.0,52.9,38.3
1636,21.5,54.6,39.2
1637,21.0,52.7,36.7
1638,20.7,52.6,37.2
1639,21.7,56.2,38.2
1640,20.0,52.8,39.8
1641,21.2,50.3,37.1
1642,21.0,54.2,38.6
1643,20.6,52.1,39.5
1644,21.7,51.5,35.8
1645,20.8,54.9,37.2
1646,21.5,53.8,37.9
1647,22.0,53.7,35.8
1648,22.0,52.0,37.6
1649,20.9,51.7,40.0
1650,22.3,50.9,39.1
1651,21.8,55.7,38.0
1652,21.3,50.7,39.2
1653,21.2,54.0,39.9
1654,21.5,52.6,37.0
1655,21.6,54.7,38.4
1656,21.4,52.3,37.9
1657,20.5,54.7,38.3
1658,20.9,54.5,37.4
1659,20.9,53.6,37.3
1660,21.3,51.3,38.5
1661,21.5,51.0,37.0
1662,21.4,53.7,38.4
1663,21.0,55.1,36.8
1664,21.4,50.8,38.6
1665,21.2,51.7,38.4
1666,21.2,51.8,38.2
1667,21.1,50.3,39.6
1668,20.6,48.2,39.3
1669,21.6,52.0,37.7
1670,21.6,54.7,39.2
1671,21.3,53.3,37.3
1672,21.4,53.3,37.4
1673,21.8,52.0,37.6
1674,20.2,50.2,39.0
1675,21.2,54.7,36.5
1676,21.9,54.1,39.4
1677,22.3,53.7,37.6
1678,20.9,52.4,39.4
1679,21.8,52.1,36.3
1680,20.9,51.6,38.1
1681,21.2,51.7,37.9
1682,20.6,51.5,37.9
1683,21.9,53.2,37.0
1684,20.8,54.1,39.7
1685,20.7,51.9,36.9
1686,22.0,52.1,37.4
1687,21.1,54.5,37.4
1688,21.3,49.2,39.5
1689,20.9,53.2,37.6
1690,20.9,52.6,37.3
1691,20.8,52.0,38.4
1692,20.8,51.8,37.7
1693,22.4,55.1,39.1
1694,21.2,52.1,38.2
1695,21.7,51.8,37.3
1696,21.6,51.4,39.1
1697,21.8,51.7,37.8
1698,21.3,51.1,36.9
1699,22.0,52.7,38.8
1700,20.9,50.4,38.6
1701,21.7,54.0,38.5
1702,21.9,51.8,36.7
1703,20.2,53.6,37.7
1704,21.1,53.8,37.2
1705,21.1,55.1,38.6
1706,19.8,53.9,37.5
1707,20.9,53.3,38.6
1708,21.5,55.9,38.1
1709,20.6,53.8,38.2
1710,22.2,53.3,38.5
1711,22.2,50.4,38.5
1712,20.8,54.3,37.6
1713,20.7,51.2,38.0
1714,20.9,51.8,38.6
1715,21.7,54.8,39.9
1716,20.3,53.2,39.3
1717,21.4,56.5,38.9
1718,20.5,52.1,36.9
1719,21.0,51.6,38.1
1720,22.6,53.0,38.3
1721,22.0,52.1,37.3
1722,21.5,55.5,38.5
1723,20.5,52.1,36.9
1724,20.8,52.7,38.2
1725,22.7,54.1,39.2
1726,22.6,52.4,38.0
1727,21.6,54.7,37.0
1728,21.1,53.5,37.0
1729,20.7,53.9,36.0
1730,22.4,57.6,37.4
1731,21.6,53.6,37.3
1732,21.1,52.9,36.8
1733,21.5,51.8,40.3
1734,21.7,53.8,38.6
1735,20.8,52.5,39.6
1736,21.6,53.1,37.8
1737,21.1,53.1,38.0
1738,21.6,51.8,39.2
1739,21.6,50.9,36.5
1740,21.6,51.6,37.0
1741,20.9,52.8,37.5
1742,20.7,53.5,36.9
1743,21.3,54.3,37.9
1744,21.7,53.5,38.4
1745,21.4,52.7,36.7
1746,21.9,53.4,39.3
1747,21.4,53.0,38.8
1748,21.3,51.2,40.8
1749,21.5,53.8,35.1
1750,21.6,50.0,36.2
1751,20.8,53.4,36.9
1752,21.3,51.7,36.4
1753,21.3,49.6,39.2
1754,20.7,54.3,38.3
1755,21.8,54.8,37.2
1756,21.8,54.1,38.2
1757,21.0,51.6,38.4
1758,21.9,51.5,38.7
1759,21.0,54.0,37.9
1760,20.9,52.1,39.3
1761,22.2,54.7,39.5
1762,22.2,53.4,38.5
1763,21.1,55.1,36.3
1764,21.3,54.2,38.9
1765,22.0,52.9,38.5
1766,20.8,54.8,37.1
1767,21.1,52.6,37.3
1768,21.2,54.4,38.9
1769,20.9,57.3,39.5
1770,22.2,52.4,37.4
1771,21.5,52.1,37.0
1772,19.9,52.3,37.8
1773,21.8,55.8,38.5
1774,21.8,51.8,40.9
1775,21.7,54.6,38.7
1776,21.5,52.3,35.6
1777,21.0,51.4,40.2
1778,21.7,51.2,37.5
1779,20.5,51.8,37.7
1780,20.7,52.9,38.4
1781,21.9,51.8,39.1
1782,22.1,51.8,36.7
1783,20.7,55.9,37.4
1784,21.2,53.2,37.2
1785,21.2,52.1,39.0
1786,20.6,51.1,38.8
1787,21.3,53.9,39.6
1788,21.9,52.7,36.2
1789,21.6,53.1,37.8
1790,21.6,52.3,39.1
1791,20.5,51.2,39.9
1792,20.6,52.2,38.3
1793,20.2,52.7,39.0
1794,22.2,52.6,38.8
1795,22.4,52.3,38.2
1796,20.5,53.7,38.7
1797,21.6,52.6,38.2
1798,21.2,55.7,37.0
1799,20.7,54.3,37.7
1800,20.6,52.1,39.9
1801,22.4,51.7,37.6
1802,21.9,53.1,36.5
1803,21.3,53.4,40.4
1804,21.9,52.2,38.2
1805,20.9,55.1,37.9
1806,20.5,53.0,39.6
1807,19.9,53.1,36.1
1808,21.0,51.9,38.0
1809,21.3,54.3,39.7
1810,21.2,53.9,38.2
1811,20.9,55.4,38.4
1812,20.7,51.9,35.9
1813,21.8,52.4,38.2
1814,21.5,52.5,36.2
1815,20.8,52.2,39.2
1816,20.6,53.8,36.9
1817,22.1,52.3,40.0
1818,21.4,52.8,36.5
1819,20.7,53.9,38.2
1820,20.5,54.7,38.7
1821,21.7,54.7,38.4
1822,21.0,51.5,38.4
1823,21.1,52.8,38.3
1824,21.3,51.9,39.8
1825,20.6,53.4,36.5
1826,22.1,52.1,39.7
1827,20.6,54.3,39.4
1828,21.2,52.5,39.6
1829,21.5,54.2,38.0
1830,21.9,51.4,38.9
1831,21.6,51.1,39.7
1832,20.7,53.4,39.2
1833,20.7,50.7,35.9
1834,21.1,50.8,39.4
1835,21.8,53.6,37.4
1836,21.1,52.5,37.9
1837,21.6,53.9,39.4
1838,20.4,52.7,36.9
1839,20.6,55.0,36.4
1840,22.9,53.3,37.7
1841,21.5,56.2,37.3
1842,21.3,50.6,37.0
1843,21.3,52.1,38.0
1844,21.2,52.8,37.7
1845,21.1,53.1,36.9
1846,20.9,53.4,38.4
1847,21.8,52.2,37.5
1848,20.8,53.5,40.5
1849,20.5,53.1,36.9
1850,21.7,53.2,37.9
1851,22.3,53.6,38.4
1852,20.5,52.9,39.0
1853,21.3,53.3,39.1
1854,21.0,50.5,37.7
1855,22.0,50.8,37.0
1856,21.5,54.5,38.6
1857,21.8,52.5,39.4
1858,21.8,51.5,38.1
1859,21.7,53.1,37.8
1860,21.4,53.5,37.7
1861,21.2,53.8,38.4
1862,22.6,51.4,37.4
1863,20.8,53.6,37.1
1864,21.2,53.3,36.9
1865,22.5,53.5,39.7
1866,21.1,53.8,36.7
1867,21.3,52.6,36.7
1868,22.4,51.2,38.8
1869,20.2,52.9,36.2
1870,20.1,51.1,37.2
1871,21.2,50.6,37.1
1872,20.1,53.4,40.1
1873,20.7,54.9,38.2
1874,22.0,53.5,38.7
1875,20.6,54.8,37.0
1876,20.9,53.0,38.1
1877,21.8,52.7,38.1
1878,20.3,52.6,37.5
1879,21.1,50.5,37.2
1880,22.0,51.2,40.3
1881,22.1,53.4,35.7
1882,22.6,55.2,38.0
1883,21.2,54.5,37.8
1884,21.5,56.6,38.5
1885,21.4,53.0,37.6
1886,21.5,52.3,38.4
1887,20.9,52.8,38.7
1888,20.7,51.9,37.4
1889,21.2,56.8,36.4
1890,20.7,52.5,37.2
1891,21.2,50.8,40.2
1892,22.6,54.4,41.8
1893,20.8,50.5,39.1
1894,21.2,53.6,39.2
1895,20.8,52.6,37.8
1896,20.9,54.6,38.4
1897,20.3,52.9,36.6
1898,21.2,54.6,37.0
1899,21.1,50.7,37.4
1900,21.4,54.3,36.9
1901,20.5,53.3,40.0
1902,21.3,51.0,34.5
1903,21.6,53.2,37.3
1904,20.7,53.9,39.5
1905,21.6,50.7,41.1
1906,20.9,53.5,37.8
1907,21.1,50.8,36.9
1908,21.9,54.7,40.1
1909,21.4,49.1,37.1
1910,20.8,51.7,39.7
1911,21.2,50.4,38.6
1912,20.8,51.8,38.7
1913,22.3,53.7,35.0
1914,21.6,54.2,39.4
1915,20.9,51.4,37.4
1916,20.2,51.9,36.1
1917,22.0,51.1,39.2
1918,21.9,54.1,39.8
1919,20.9,54.8,39.7
1920,21.1,54.5,36.3
1921,20.9,54.2,38.7
1922,22.2,53.9,37.7
1923,21.1,52.5,37.0
1924,20.7,52.6,36.9
1925,21.4,54.3,38.1
1926,21.4,54.6,39.2
1927,21.2,54.7,38.4
1928,20.5,52.5,39.0
1929,21.5,55.1,36.5
1930,21.5,56.6,38.9
1931,22.5,53.1,37.7
1932,21.8,52.5,38.1
1933,21.0,50.1,37.6
1934,21.6,52.5,38.2
1935,22.2,52.7,38.7
1936,21.3,51.9,39.4
1937,21.1,55.6,40.2
1938,20.5,54.8,36.0
1939,21.6,53.8,37.8
1940,20.4,54.4,38.0
1941,21.4,52.0,40.2
1942,21.2,55.7,35.0
1943,21.9,53.1,38.1
1944,21.8,54.8,37.6
1945,21.0,53.9,38.3
1946,22.2,53.7,38.0
1947,21.8,53.9,39.2
1948,21.3,51.9,39.8
1949,21.9,52.0,39.5
1950,21.2,52.8,36.8
1951,21.2,52.6,37.3
1952,20.4,54.2,37.5
1953,22.0,55.3,37.5
1954,20.5,53.1,38.7
1955,20.5,51.8,37.6
1956,21.6,53.4,37.1
1957,21.0,51.2,36.8
1958,21.9,53.3,38.4
1959,21.5,54.3,38.9
1960,21.0,54.6,39.8
1961,21.0,52.1,37.8
1962,21.0,51.2,37.8
1963,21.1,52.0,37.9
1964,20.8,53.1,37.2
1965,21.8,52.4,37.7
1966,21.8,53.2,37.8
1967,21.9,54.3,38.2
1968,21.4,54.6,38.0
1969,21.4,53.8,38.2
1970,21.6,50.8,38.4
1971,21.6,53.7,38.6
1972,22.0,53.2,35.2
1973,22.1,52.0,39.3
1974,20.7,53.1,37.0
1975,21.6,52.9,38.1
1976,19.8,51.0,37.0
1977,22.5,51.5,36.2
1978,22.2,53.7,38.1
1979,21.2,52.1,38.8
1980,21.1,57.5,38.6
1981,21.0,54.9,38.6
1982,21.7,53.1,38.6
1983,22.2,54.1,36.4
1984,21.0,50.6,36.3
1985,21.7,52.8,38.4
1986,21.6,53.0,39.4
1987,22.0,53.3,35.9
1988,21.3,54.2,38.7
1989,21.0,53.9,36.3
1990,21.4,52.0,38.2
1991,21.5,55.9,38.7
1992,21.9,52.9,37.7
1993,21.1,52.0,38.4
1994,21.4,53.5,39.2
1995,20.1,53.3,37.6
1996,20.9,54.5,37.8
1997,21.5,54.9,38.5
1998,21.0,49.6,37.2
1999,21.7,54.1,38.0
2000,21.3,53.4,37.1
2001,20.3,51.6,36.7
2002,22.1,52.6,39.2
2003,21.5,52.9,38.9
2004,21.8,51.4,37.1
2005,20.3,53.8,39.1
2006,21.2,52.1,37.8
2007,21.4,52.5,37.6
2008,20.7,53.0,36.4
2009,20.6,56.8,37.5
2010,20.6,54.2,35.9
2011,21.0,50.1,38.7
2012,21.9,52.8,38.1
2013,22.3,55.4,39.3
2014,20.8,53.8,38.4
2015,20.7,53.7,37.6
2016,20.7,53.4,38.1
2017,22.1,52.7,38.3
2018,20.8,51.7,37.6
2019,21.5,52.4,37.4
2020,20.3,52.2,38.6
2021,22.1,54.9,38.1
2022,21.5,51.4,38.8
2023,21.8,51.3,37.7
2024,20.5,53.0,36.7
2025,21.0,54.0,36.6
2026,20.3,56.0,38.0
2027,21.0,53.4,38.0
2028,22.1,54.7,40.3
2029,21.8,54.0,38.2
2030,21.4,49.7,38.3
2031,20.3,51.7,36.9
2032,21.0,54.0,38.5
2033,21.1,50.5,35.9
2034,21.1,51.3,39.0
2035,21.8,52.4,38.8
2036,22.1,55.1,38.7
2037,21.4,53.5,38.2
2038,21.1,53.3,39.0
2039,21.8,54.6,38.5
2040,21.5,52.2,37.6
2041,21.9,51.5,37.6
2042,21.3,52.4,39.2
2043,22.1,52.5,39.0
2044,22.3,51.2,39.6
2045,20.6,54.4,38.4
2046,22.0,53.5,38.7
2047,21.7,52.4,36.7
2048,21.9,52.8,37.5
2049,22.5,52.6,38.3
2050,19.6,51.9,34.4
2051,22.2,53.1,37.8
2052,20.7,53.2,37.6
2053,20.0,51.9,38.1
2054,22.0,55.1,37.7
2055,21.6,53.0,36.6
2056,20.9,51.8,38.4
2057,21.9,55.8,39.9
2058,22.1,55.2,37.7
2059,20.5,53.1,39.0
2060,20.5,52.3,38.5
2061,21.6,51.8,37.3
2062,21.5,53.3,37.2
2063,20.6,53.2,37.9
2064,20.4,51.6,38.8
2065,22.6,56.2,36.5
2066,21.9,54.9,38.7
2067,22.2,53.7,36.3
2068,22.1,54.7,36.6
2069,20.6,54.7,36.8
2070,22.0,52.8,39.3
2071,21.7,53.0,36.8
2072,21.8,53.6,38.8
2073,21.2,50.8,39.4
2074,21.0,50.0,36.7
2075,21.6,55.3,38.2
2076,21.7,52.1,36.6
2077,20.6,51.1,39.5
2078,22.6,52.6,37.6
2079,21.3,52.4,37.4
2080,22.4,53.8,40.0
2081,21.4,56.5,37.0
2082,21.0,55.2,37.7
2083,21.4,53.6,38.3
2084,19.7,54.7,39.0
2085,20.9,53.4,36.0
2086,21.6,52.4,37.5
2087,20.6,52.5,37.5
2088,21.1,53.5,36.8
2089,22.2,55.5,40.1
2090,22.2,50.5,36.9
2091,21.4,54.1,37.3
2092,21.5,51.4,38.3
2093,20.4,54.8,39.0
2094,20.6,52.1,38.3
2095,22.4,55.4,36.2
2096,22.3,52.5,39.3
2097,20.8,53.8,37.0
2098,20.5,55.9,36.8
2099,22.1,52.1,38.1
2100,22.0,54.5,38.8
2101,20.9,54.0,38.9
2102,22.2,54.3,38.4
2103,20.9,50.8,36.5
2104,21.1,54.8,36.6
2105,22.4,53.6,38.1
2106,21.5,53.6,38.0
2107,21.3,54.2,39.2
2108,21.5,52.8,41.0
2109,20.7,54.1,39.1
2110,20.3,53.0,38.4
2111,21.9,51.8,41.1
2112,20.4,53.6,37.5
2113,21.2,53.7,39.4
2114,21.2,54.3,37.8
2115,22.6,53.3,38.3
2116,21.9,52.0,37.2
2117,21.8,51.7,37.7
2118,21.0,50.5,36.5
2119,21.4,53.3,38.0
2120,21.7,53.2,38.2
2121,20.7,53.8,38.4
2122,21.3,50.2,37.0
2123,21.4,53.8,38.5
2124,20.9,52.9,39.7
2125,21.2,52.2,35.8
2126,21.5,54.1,38.2
2127,21.1,55.5,37.6
2128,21.4,54.1,37.1
2129,21.3,56.2,36.4
2130,21.3,53.1,37.1
2131,21.9,54.9,37.6
2132,20.9,54.8,38.5
2133,20.6,52.8,39.8
2134,19.8,54.4,37.7
2135,21.3,52.5,38.7
2136,20.5,53.8,37.5
2137,21.8,52.7,37.3
2138,20.8,56.1,38.6
2139,21.7,54.5,37.3
2140,21.6,55.3,40.1
2141,22.2,54.9,38.0
2142,21.2,51.7,37.3
2143,21.5,53.9,35.6
2144,21.7,55.0,38.2
2145,21.3,52.1,37.8
2146,21.9,51.0,40.1
2147,20.6,50.6,38.8
2148,21.3,52.0,39.8
2149,20.7,57.5,39.2
2150,21.7,51.6,37.7
2151,21.0,54.3,37.8
2152,21.4,54.8,38.5
2153,20.8,53.6,38.8
2154,22.0,52.3,37.9
2155,22.0,54.5,39.2
2156,21.3,53.2,38.6
2157,20.6,52.9,37.7
2158,21.0,53.7,39.7
2159,20.8,51.0,40.0
2160,21.7,51.7,37.3
2161,20.7,53.6,37.5
2162,20.6,52.9,35.8
2163,21.5,54.3,38.9
2164,21.3,54.4,37.3
2165,20.0,51.5,37.9
2166,21.7,51.5,38.5
2167,21.2,55.2,38.1
2168,21.8,53.9,38.7
2169,21.6,51.7,36.5
2170,21.6,51.3,37.7
2171,21.2,53.1,39.0
2172,21.1,52.4,38.8
2173,22.5,52.7,38.3
2174,21.2,53.0,38.5
2175,20.3,51.8,39.0
2176,20.0,50.3,36.7
2177,20.8,52.3,38.7
2178,21.8,49.2,37.9
2179,21.5,49.8,37.4
2180,20.7,51.6,39.7
2181,21.0,54.2,40.1
2182,22.0,54.2,37.9
2183,22.2,52.0,37.5
2184,20.4,52.9,37.6
2185,21.1,54.8,38.2
2186,21.0,54.0,38.8
2187,21.2,54.2,37.8
2188,20.9,51.7,36.5
2189,21.5,54.8,38.2
2190,20.1,51.7,37.4
2191,21.6,55.4,38.6
2192,20.3,51.5,39.3
2193,21.1,53.9,38.7
2194,22.1,55.3,37.6
2195,22.2,56.3,37.9
2196,21.7,54.1,39.7
2197,21.1,52.2,34.9
2198,22.3,51.4,36.4
2199,21.6,51.9,39.0
2200,20.1,51.4,38.6
2201,21.2,53.8,39.5
2202,21.0,54.4,38.8
2203,21.5,55.2,37.6
2204,21.0,50.8,38.8
2205,22.5,53.7,38.6
2206,21.2,50.9,37.9
2207,20.8,50.8,37.2
2208,20.5,51.0,39.6
2209,20.0,55.1,36.7
2210,21.4,52.3,36.7
2211,21.6,53.3,36.3
2212,21.4,55.5,38.7
2213,20.9,52.7,35.9
2214,21.4,51.9,38.9
2215,21.1,56.5,38.3
2216,21.8,52.4,38.6
2217,21.3,55.1,38.2
2218,21.1,50.7,37.1
2219,21.9,51.3,37.4
2220,21.7,53.1,37.4
2221,20.6,51.3,37.7
2222,21.1,54.9,36.9
2223,21.6,55.1,37.5
2224,20.5,55.6,39.0
2225,20.6,54.5,37.4
2226,21.3,52.2,36.9
2227,21.8,53.6,36.9
2228,22.1,51.6,39.5
2229,21.3,54.6,37.7
2230,21.8,53.6,39.8
2231,20.8,52.1,38.4
2232,23.0,51.2,37.4
2233,21.8,52.4,38.8
2234,20.5,54.6,37.0
2235,22.1,53.8,37.2
2236,21.4,52.0,36.4
2237,21.2,49.5,38.4
2238,21.2,52.9,38.9
2239,21.3,54.3,38.9
2240,21.4,53.3,36.9
2241,21.4,52.7,39.3
2242,22.6,54.5,39.5
2243,21.6,54.2,36.9
2244,21.1,51.5,37.6
2245,20.0,52.7,38.9
2246,21.8,53.9,37.3
2247,22.3,53.6,39.2
2248,21.9,51.4,37.3
2249,20.3,54.2,34.5
2250,20.5,53.8,37.8
2251,21.1,52.6,41.8
2252,22.4,53.8,37.8
2253,20.5,52.7,36.0
2254,20.9,53.5,38.5
2255,22.4,53.0,39.3
2256,21.7,55.9,38.2
2257,21.8,54.1,38.3
2258,21.4,53.3,35.8
2259,21.4,51.4,37.7
2260,20.9,52.1,38.2
2261,22.2,52.4,35.4
2262,22.5,51.6,36.6
2263,21.7,53.4,37.8
2264,21.9,52.1,37.2
2265,21.1,52.4,36.9
2266,20.8,50.9,38.2
2267,21.6,54.8,38.4
2268,21.3,53.0,37.6
2269,20.5,52.1,36.0
2270,21.0,51.8,39.3
2271,20.0,55.3,37.3
2272,22.1,53.7,38.5
2273,20.5,55.1,36.9
2274,21.3,53.2,37.9
2275,21.3,53.9,38.1
2276,20.7,53.7,37.4
2277,20.7,53.9,40.8
2278,21.0,53.2,37.3
2279,21.6,53.3,37.4
2280,20.7,56.3,36.6
2281,20.9,51.7,38.7
2282,21.5,51.1,35.4
2283,21.5,52.4,37.8
2284,21.6,50.1,37.5
2285,21.0,54.2,36.2
2286,21.7,54.3,36.9
2287,20.9,52.1,39.4
2288,21.5,53.3,37.3
2289,20.7,50.4,37.7
2290,21.1,54.2,38.9
2291,21.7,53.4,38.4
2292,21.8,53.2,37.4
2293,19.9,55.5,39.3
2294,21.7,52.8,37.5
2295,22.1,52.7,38.1
2296,21.0,52.0,37.8
2297,22.0,53.1,39.5
2298,22.2,53.3,37.3
2299,20.3,54.1,36.2
2300,20.8,49.8,38.0
2301,20.2,50.9,37.9
2302,20.3,51.9,38.3
2303,20.8,53.3,37.2
2304,22.1,52.4,38.6
2305,20.3,53.3,37.9
2306,21.1,51.6,39.2
2307,21.4,53.3,36.3
2308,21.4,54.5,37.8
2309,20.6,50.9,34.7
2310,21.0,52.3,38.5
2311,20.7,50.4,36.6
2312,21.8,51.8,38.3
2313,22.2,51.3,38.8
2314,21.3,51.1,37.5
2315,22.1,52.5,38.3
2316,21.2,52.6,39.3
2317,21.1,51.1,39.4
2318,21.2,54.1,35.7
2319,21.6,51.5,38.3
2320,22.1,53.0,39.5
2321,21.3,54.7,38.4
2322,20.7,53.0,37.4
2323,22.7,53.4,37.8
2324,22.2,54.4,36.8
2325,21.2,53.1,37.2
2326,21.6,51.3,38.0
2327,21.2,53.7,38.1
2328,20.7,51.7,41.0
2329,21.9,49.8,37.0
2330,20.8,55.4,39.8
2331,20.9,53.9,37.7
2332,21.0,54.7,38.3
2333,21.4,51.9,37.4
2334,21.9,54.2,37.8
2335,20.9,52.9,36.8
2336,20.1,54.9,37.2
2337,20.8,53.0,39.1
2338,22.1,52.4,37.0
2339,20.8,53.5,38.2
2340,21.5,51.8,38.3
2341,21.5,50.6,37.6
2342,21.0,53.7,36.5
2343,21.8,52.0,37.8
2344,21.6,50.9,35.9
2345,21.2,53.5,37.8
2346,20.6,52.8,38.4
2347,21.9,52.8,36.6
2348,20.6,51.8,38.1
2349,20.8,53.7,36.5
2350,21.5,54.6,36.9
2351,22.0,52.7,37.5
2352,21.1,55.1,37.2
2353,22.1,53.6,38.9
2354,22.7,51.8,36.3
2355,21.0,51.9,39.7
2356,21.9,54.0,39.0
2357,20.8,53.5,37.1
2358,21.1,52.1,39.4
2359,22.8,53.5,39.4
2360,20.8,52.3,37.4
2361,21.3,54.7,37.9
2362,21.2,53.6,36.3
2363,20.4,51.7,37.5
2364,22.3,55.4,39.2
2365,22.0,53.3,36.2
2366,22.1,52.8,37.9
2367,21.1,52.7,38.6
2368,21.1,54.5,36.5
2369,21.4,54.2,38.5
2370,20.3,55.0,38.9
2371,21.3,52.4,36.4
2372,20.8,54.6,37.6
2373,22.2,53.5,39.0
2374,21.1,54.2,39.1
2375,22.0,53.1,36.8
2376,21.3,55.1,38.8
2377,21.4,52.3,37.4
2378,21.1,53.4,37.9
2379,20.6,51.6,38.6
2380,21.0,51.1,37.7
2381,20.7,51.8,38.0
2382,20.0,53.8,39.3
2383,20.8,53.7,37.9
2384,20.2,51.4,38.1
2385,21.2,53.6,36.0
2386,20.4,53.5,39.4
2387,21.3,54.0,37.8
2388,21.9,52.6,36.4
2389,21.1,53.9,37.9
2390,21.5,52.5,37.4
2391,20.4,55.5,38.1
2392,21.4,52.2,37.7
2393,22.1,52.5,37.6
2394,21.0,52.8,36.6
2395,19.6,54.5,38.7
2396,21.6,53.4,39.2
2397,22.0,52.6,37.2
2398,21.4,53.2,38.3
2399,20.7,52.1,37.7
2400,21.1,53.9,38.5
2401,22.2,55.1,39.1
2402,21.4,54.7,38.4
2403,20.7,51.6,40.5
2404,20.3,54.4,35.1
2405,21.3,54.2,36.2
2406,22.3,54.4,38.1
2407,22.1,52.8,36.4
2408,22.4,53.2,38.7
2409,20.9,50.3,38.5
2410,21.2,51.8,39.2
2411,21.4,49.7,37.4
2412,21.9,51.5,37.1
2413,21.7,54.2,39.0
2414,21.3,53.0,36.7
2415,19.9,53.5,37.5
2416,21.4,53.4,35.2
2417,22.1,53.2,39.5
2418,21.3,54.5,37.7
2419,21.7,52.9,36.6
2420,21.2,53.1,38.4
2421,21.4,53.0,38.6
2422,21.3,55.0,39.5
2423,21.5,53.4,37.4
2424,21.3,52.6,36.1
2425,20.9,56.4,37.1
2426,20.7,55.4,37.0
2427,21.2,54.9,35.4
2428,21.4,52.2,38.7
2429,21.3,52.8,40.3
2430,21.3,51.4,40.6
2431,21.0,53.3,38.3
2432,21.4,52.4,37.9
2433,21.2,53.8,37.9
2434,21.1,52.6,38.6
2435,22.6,53.9,41.9
2436,21.4,51.7,37.7
2437,21.0,52.8,38.2
2438,20.2,54.5,38.4
2439,21.3,52.6,36.0
2440,22.8,52.5,38.5
2441,20.9,53.0,37.1
2442,20.1,54.3,37.8
2443,21.6,53.2,37.8
2444,20.9,53.7,39.9
2445,21.3,52.2,38.4
2446,20.9,49.5,40.2
2447,21.2,52.3,38.4
2448,22.6,54.0,37.0
2449,20.9,51.1,37.2
2450,21.4,51.7,38.1
2451,21.6,50.9,39.0
2452,21.5,53.0,40.0
2453,21.7,52.8,39.0
2454,20.4,51.2,37.5
2455,21.3,53.4,36.6
2456,20.5,48.4,37.1
2457,22.0,53.4,38.6
2458,20.9,53.5,37.5
2459,21.6,52.3,38.0
2460,20.1,52.8,37.5
2461,21.7,52.4,40.8
2462,22.6,53.0,36.4
2463,21.5,50.4,39.8
2464,19.9,52.3,38.0
2465,20.4,53.8,38.0
2466,21.9,54.7,37.3
2467,20.3,53.2,36.1
2468,21.6,49.9,35.8
2469,22.3,53.0,39.4
2470,21.6,55.1,36.1
2471,21.3,51.2,39.9
2472,21.3,55.0,39.8
2473,21.2,51.0,36.8
2474,20.9,52.4,37.0
2475,21.7,53.0,35.5
2476,21.7,52.9,38.1
2477,21.1,53.3,35.5
2478,22.3,51.9,37.5
2479,20.7,50.8,36.7
2480,20.8,51.6,38.2
2481,20.6,51.3,35.6
2482,21.0,53.9,37.3
2483,21.3,49.6,39.4
2484,21.7,52.4,37.9
2485,21.5,52.3,38.0
2486,21.6,52.0,38.2
2487,21.5,53.2,36.8
2488,21.4,53.8,36.8
2489,22.1,50.6,38.2
2490,22.0,50.4,38.8
2491,20.7,51.8,37.6
2492,20.7,51.7,37.9
2493,21.5,53.5,39.3
2494,21.8,51.7,38.7
2495,21.9,51.8,37.2
2496,21.2,52.6,37.3
2497,20.3,50.2,37.6
2498,20.6,54.0,37.0
2499,21.4,52.9,36.6
2500,20.8,52.9,37.7
2501,20.7,53.9,36.9
2502,21.5,53.2,35.7
2503,20.5,54.3,39.8
2504,22.3,52.6,37.9
2505,21.6,53.2,38.3
2506,21.9,54.2,37.9
2507,20.9,50.0,38.8
2508,19.9,53.6,35.5
2509,20.0,54.4,40.4
2510,21.6,49.1,39.2
2511,21.3,52.8,38.4
2512,20.7,53.4,39.6
2513,22.0,53.6,37.6
2514,21.7,54.1,38.9
2515,21.6,51.6,41.1
2516,21.1,51.1,37.9
2517,21.3,53.4,38.0
2518,21.4,54.3,39.8
2519,20.7,52.9,39.6
2520,21.4,53.9,38.0
2521,21.4,53.7,37.9
2522,21.0,53.2,39.2
2523,21.3,53.2,37.2
2524,22.3,51.7,37.7
2525,20.6,53.0,37.5
2526,21.2,51.4,36.9
2527,21.2,52.5,39.1
2528,22.4,50.0,37.0
2529,22.8,53.2,39.4
2530,21.9,52.1,36.8
2531,21.1,51.5,38.6
2532,21.2,52.6,40.4
2533,21.7,52.2,38.8
2534,22.2,54.0,36.8
2535,21.8,51.3,39.4
2536,21.0,53.4,37.0
2537,20.9,51.3,37.6
2538,21.7,54.0,39.4
2539,21.1,52.5,36.3
2540,21.2,52.8,36.5
2541,20.6,54.7,39.6
2542,21.4,52.6,38.8
2543,20.1,53.5,38.6
2544,22.1,50.9,39.1
2545,21.3,52.6,37.6
2546,20.9,50.8,36.8
2547,20.8,52.1,38.6
2548,20.8,55.6,38.9
2549,21.2,53.3,39.1
2550,22.1,51.8,37.4
2551,21.3,54.5,38.3
2552,22.1,54.0,37.1
2553,22.0,53.6,38.8
2554,21.9,53.7,37.4
2555,21.4,52.3,38.3
2556,21.6,53.3,38.7
2557,21.5,55.9,38.5
2558,21.7,52.5,38.2
2559,21.8,50.9,38.1
2560,21.8,52.1,39.9
2561,21.6,51.5,38.0
2562,22.1,52.3,38.6
2563,21.0,50.6,37.8
2564,22.2,51.4,40.1
2565,21.5,52.8,37.9
2566,20.5,52.0,40.2
2567,20.6,52.7,39.3
2568,21.7,53.8,37.4
2569,21.6,54.4,35.1
2570,21.7,52.7,37.8
2571,21.5,51.7,37.9
2572,20.5,50.4,39.3
2573,21.6,52.0,38.0
2574,21.8,53.6,37.6
2575,21.1,51.4,36.4
2576,20.6,53.1,36.2
2577,21.1,53.9,36.3
2578,20.2,51.1,41.5
2579,21.4,52.8,37.6
2580,20.7,52.9,37.7
2581,21.5,56.1,37.4
2582,21.3,51.3,36.8
2583,21.0,55.5,37.6
2584,20.9,53.6,37.1
2585,21.9,52.1,36.4
2586,21.3,52.8,37.9
2587,22.3,53.9,39.5
2588,20.7,54.1,38.0
2589,20.8,53.5,36.2
2590,21.1,55.1,38.1
2591,21.2,54.7,36.5
2592,21.2,51.2,35.8
2593,21.1,54.9,38.5
2594,22.0,51.2,37.6
2595,20.4,54.8,37.5
2596,20.5,52.8,37.8
2597,21.9,51.8,38.2
2598,21.6,55.3,36.5
2599,21.9,55.1,38.2
2600,21.5,53.9,37.3
2601,22.4,50.2,37.7
2602,21.3,52.3,37.2
2603,20.8,54.6,37.6
2604,21.7,52.7,37.1
2605,22.0,54.7,39.5
2606,21.1,54.6,38.7
2607,21.5,53.6,37.2
2608,20.8,51.2,38.0
2609,22.2,54.5,38.3
2610,21.5,51.3,37.2
2611,21.4,52.9,39.6
2612,21.5,54.5,38.6
2613,21.0,56.1,36.4
2614,21.0,53.5,40.0
2615,20.1,54.3,40.5
2616,21.5,54.1,35.6
2617,21.1,57.0,39.9
2618,21.4,51.9,35.4
2619,22.0,51.4,36.0
2620,20.6,53.7,36.7
2621,22.0,51.3,36.2
2622,21.5,51.1,40.8
2623,21.1,51.4,38.1
2624,20.6,54.7,37.2
2625,21.1,51.7,39.1
2626,21.1,52.4,38.3
2627,21.2,51.4,36.4
2628,21.2,53.6,38.7
2629,21.5,51.2,38.0
2630,21.1,51.0,37.2
2631,21.2,53.9,38.3
2632,21.3,54.2,38.0
2633,21.5,54.5,37.7
2634,21.6,51.7,38.2
2635,20.5,55.5,35.4
2636,21.8,52.8,39.2
2637,21.3,51.6,39.6
2638,20.2,51.4,36.8
2639,22.2,53.2,38.1
2640,22.4,53.0,38.2
2641,20.5,54.0,38.1
2642,22.0,54.6,37.2
2643,22.2,52.2,37.8
2644,22.0,52.7,37.2
2645,21.7,54.3,37.9
2646,20.7,55.3,38.5
2647,20.9,54.7,39.3
2648,21.9,53.9,38.4
2649,21.0,52.8,38.3
2650,21.8,52.5,39.3
2651,19.7,54.7,38.1
2652,22.2,49.9,37.5
2653,20.0,52.9,35.8
2654,20.9,53.8,38.0
2655,21.5,53.8,37.9
2656,22.0,52.0,38.3
2657,21.7,51.7,38.8
2658,21.3,53.0,38.2
2659,21.2,55.3,38.7
2660,21.0,53.2,36.7
2661,21.8,53.6,39.1
2662,21.6,53.7,36.7
2663,21.8,52.0,39.8
2664,21.2,54.9,38.2
2665,20.5,54.4,36.3
2666,21.7,51.2,38.1
2667,21.9,53.7,37.1
2668,21.6,53.2,37.9
2669,22.3,53.0,38.1
2670,21.6,51.8,38.5
2671,21.4,52.3,39.2
2672,22.2,53.9,36.3
2673,21.2,54.9,38.8
2674,21.2,52.1,38.5
2675,22.4,52.8,39.8
2676,21.5,53.1,40.0
2677,21.4,51.8,36.8
2678,22.0,52.3,36.5
2679,21.4,55.9,38.6
2680,21.0,51.0,38.4
2681,21.1,54.3,39.6
2682,20.7,53.0,41.7
2683,21.6,53.3,39.0
2684,20.6,52.4,38.9
2685,21.9,51.5,38.5
2686,20.5,54.3,36.2
2687,21.3,53.6,35.4
2688,21.3,52.9,37.7
2689,22.1,52.5,37.9
2690,21.4,52.6,37.6
2691,20.5,52.7,39.8
2692,20.8,50.6,40.0
2693,20.8,53.7,36.3
2694,22.2,52.5,38.2
2695,21.1,53.4,39.6
2696,20.4,52.5,37.7
2697,20.8,51.8,40.2
2698,20.7,53.2,38.6
2699,22.1,50.0,36.6
2700,21.1,54.0,37.6
2701,21.4,53.6,37.5
2702,22.1,54.6,35.6
2703,21.8,53.3,36.6
2704,21.1,50.8,35.3
2705,21.9,52.7,36.5
2706,21.7,53.0,38.3
2707,20.6,53.8,39.7
2708,21.4,55.1,39.6
2709,21.8,51.6,40.3
2710,20.4,54.3,37.7
2711,20.7,52.9,38.1
2712,21.5,54.5,39.3
2713,21.8,53.8,37.3
2714,20.5,53.6,39.4
2715,20.2,54.6,36.6
2716,21.7,52.6,40.7
2717,21.3,51.6,37.0
2718,21.5,55.6,38.2
2719,20.4,51.5,37.4
2720,20.8,53.0,38.2
2721,21.5,52.5,39.4
2722,21.2,54.3,38.1
2723,20.4,52.1,37.4
2724,20.4,50.9,36.8
2725,21.7,53.7,38.1
2726,20.4,53.7,37.8
2727,22.0,53.1,38.1
2728,21.2,52.1,35.9
2729,22.1,50.8,38.8
2730,21.9,49.6,38.3
2731,22.4,51.1,37.1
2732,20.6,53.2,36.7
2733,21.3,52.2,39.5
2734,21.2,53.3,39.3
2735,21.5,52.2,36.6
2736,21.5,52.5,36.4
2737,21.6,52.8,37.6
2738,20.7,54.4,37.0
2739,21.2,54.6,38.6
2740,21.6,54.4,40.0
2741,21.8,55.2,37.5
2742,21.5,53.5,36.4
2743,20.9,50.6,37.1
2744,21.2,53.8,36.4
2745,21.4,54.2,38.9
2746,21.8,53.1,39.0
2747,20.4,55.3,38.5
2748,21.5,56.3,35.0
2749,21.8,53.3,35.7
2750,20.3,53.2,36.7
2751,21.0,52.9,36.6
2752,20.8,54.3,37.8
2753,21.9,53.3,39.7
2754,21.5,50.3,39.7
2755,21.3,52.5,38.1
2756,21.0,51.8,37.9
2757,21.2,50.4,39.1
2758,21.0,53.3,39.4
2759,20.3,54.8,40.2
2760,20.5,53.1,38.3
2761,21.2,54.1,38.0
2762,21.5,52.9,36.5
2763,20.8,51.7,38.9
2764,21.7,51.0,35.8
2765,21.4,51.1,40.5
2766,21.2,56.0,37.1
2767,21.9,54.9,38.6
2768,20.9,51.0,37.0
2769,21.7,53.8,38.1
2770,21.1,50.9,39.5
2771,22.1,54.5,37.9
2772,21.3,54.3,35.5
2773,22.2,52.6,37.8
2774,21.1,51.5,39.5
2775,22.0,52.0,38.5
2776,21.4,51.9,38.7
2777,21.1,52.2,38.0
2778,22.1,52.0,37.3
2779,21.1,53.5,37.1
2780,21.4,55.4,37.7
2781,21.5,53.6,35.3
2782,22.1,54.7,38.0
2783,21.7,55.0,38.9
2784,22.4,51.3,38.4
2785,21.0,52.5,38.8
2786,21.3,52.5,38.0
2787,20.6,53.5,38.2
2788,22.0,53.2,37.5
2789,21.3,52.2,39.2
2790,21.6,52.4,37.3
2791,21.1,53.9,38.2
2792,21.8,53.2,37.9
2793,22.3,54.5,38.2
2794,21.4,54.5,37.9
2795,21.0,57.5,38.9
2796,22.9,52.6,37.6
2797,20.6,52.6,38.8
2798,21.6,53.3,37.3
2799,20.8,52.4,39.3
2800,22.3,51.4,37.9
2801,22.3,50.9,38.5
2802,20.4,53.7,39.2
2803,21.9,54.4,37.7
2804,22.3,53.7,35.6
2805,21.2,52.2,38.7
2806,20.5,54.3,37.4
2807,20.4,50.9,39.1
2808,20.8,55.1,36.9
2809,22.2,50.9,38.5
2810,20.7,54.1,37.6
2811,21.1,51.5,38.9
2812,21.9,53.1,37.5
2813,22.0,52.0,37.9
2814,21.3,52.1,38.1
2815,21.3,50.8,37.4
2816,21.2,54.5,37.8
2817,22.3,54.3,36.3
2818,21.3,53.8,37.6
2819,21.5,54.5,38.1
2820,21.0,52.6,36.9
2821,21.9,53.8,37.5
2822,22.0,53.1,37.7
2823,21.9,53.9,38.4
2824,21.8,53.6,39.8
2825,21.2,52.5,35.0
2826,20.8,53.2,38.1
2827,22.2,51.8,40.4
2828,22.4,54.4,37.5
2829,21.3,55.3,40.4
2830,20.8,53.3,38.4
2831,21.5,54.8,35.7
2832,22.1,52.8,37.5
2833,21.3,53.2,37.8
2834,22.3,53.2,37.5
2835,21.5,50.7,38.2
2836,20.5,52.6,39.2
2837,21.0,52.5,37.6
2838,21.3,51.2,40.0
2839,21.5,51.0,38.7
2840,21.7,53.1,36.6
2841,21.5,54.5,37.5
2842,21.1,51.6,37.1
2843,21.2,52.6,37.0
2844,21.7,55.2,36.5
2845,22.1,52.1,38.9
2846,22.5,52.3,37.2
2847,21.2,53.2,38.3
2848,20.7,53.6,36.9
2849,20.8,54.1,39.0
2850,21.9,53.2,39.5
2851,22.0,51.6,37.8
2852,20.8,52.8,39.6
2853,21.7,55.9,38.4
2854,20.9,51.8,36.7
2855,21.3,51.9,39.1
2856,21.2,53.2,37.8
2857,22.1,50.7,36.4
2858,22.0,50.5,37.3
2859,22.5,51.1,37.4
2860,21.4,57.9,38.6
2861,21.5,52.6,36.1
2862,22.6,53.7,36.6
2863,21.0,51.8,37.7
2864,20.9,52.5,36.9
2865,22.0,52.2,39.2
2866,22.3,52.4,38.2
2867,22.2,53.1,38.2
2868,22.0,52.6,39.0
2869,20.6,52.8,38.8
2870,20.0,55.1,38.9
2871,22.2,51.7,37.8
2872,22.8,52.4,38.5
2873,21.9,53.6,36.3
2874,21.7,54.0,38.9
2875,21.3,52.3,36.5
2876,21.4,52.5,39.2
2877,21.0,51.3,38.9
2878,21.6,54.0,38.2
2879,20.6,53.9,38.0
2880,21.7,51.7,37.1
2881,21.4,52.6,38.5
2882,22.2,51.6,37.9
2883,21.2,53.2,39.0
2884,20.3,52.0,36.9
2885,20.9,53.9,36.9
2886,21.0,55.9,36.6
2887,19.9,53.8,39.2
2888,20.9,52.6,37.0
2889,21.1,53.7,38.2
2890,21.4,51.8,38.5
2891,21.6,54.8,39.7
2892,21.2,52.8,38.7
2893,21.4,54.6,37.2
2894,21.0,52.9,39.1
2895,20.7,55.3,37.6
2896,21.8,54.0,37.3
2897,22.0,54.1,36.0
2898,21.8,54.0,37.2
2899,20.6,54.5,37.3
2900,20.5,52.9,39.3
2901,21.9,53.2,37.8
2902,21.5,52.1,39.3
2903,21.6,51.5,38.4
2904,21.3,53.2,37.1
2905,20.5,51.2,35.8
2906,22.3,55.1,37.3
2907,21.2,54.0,37.2
2908,20.9,52.3,37.9
2909,21.6,50.7,38.7
2910,21.5,51.8,38.7
2911,21.2,53.6,35.9
2912,21.3,54.3,35.9
2913,20.7,52.9,41.1
2914,21.2,55.6,38.3
2915,22.7,52.5,36.9
2916,20.6,52.7,37.8
2917,21.2,54.3,39.3
2918,21.0,53.0,38.0
2919,21.6,52.1,36.2
2920,21.8,52.9,37.7
2921,21.5,54.1,37.3
2922,20.3,53.3,39.0
2923,21.9,51.7,37.9
2924,21.6,53.4,37.9
2925,20.6,52.4,37.4
2926,20.7,51.4,37.9
2927,21.7,50.8,37.8
2928,21.5,54.0,37.9
2929,21.8,53.8,38.9
2930,21.6,52.7,39.2
2931,21.1,52.2,36.6
2932,21.9,53.0,37.9
2933,20.8,51.3,38.7
2934,20.9,51.7,40.2
2935,21.7,54.2,40.5
2936,21.1,53.1,37.1
2937,20.4,53.7,37.8
2938,20.8,53.9,37.6
2939,21.1,52.7,37.1
2940,22.1,51.4,36.0
2941,20.7,55.9,36.4
2942,20.6,53.2,36.8
2943,21.4,53.9,40.0
2944,21.4,54.4,39.4
2945,20.8,54.0,36.7
2946,20.9,51.9,38.1
2947,21.4,51.8,39.7
2948,21.4,54.5,38.2
2949,20.9,55.2,36.0
2950,21.8,52.4,37.7
2951,21.0,51.5,38.0
2952,20.4,57.1,40.1
2953,21.3,52.3,39.4
2954,22.6,55.7,38.0
2955,20.4,52.2,39.9
2956,20.8,54.9,39.9
2957,21.8,53.3,40.6
2958,20.2,56.3,38.2
2959,21.4,52.3,38.2
2960,21.3,54.1,37.9
2961,20.8,52.1,36.5
2962,22.6,53.2,36.8
2963,21.1,51.8,36.9
2964,22.7,52.9,39.3
2965,21.3,54.4,38.3
2966,21.2,54.8,37.3
2967,21.0,54.0,39.0
2968,23.0,51.6,38.8
2969,21.5,50.3,37.6
2970,22.6,54.9,38.9
2971,20.6,51.6,38.6
2972,21.2,54.3,38.6
2973,21.0,53.1,38.0
2974,22.1,51.8,37.0
2975,21.7,53.7,39.4
2976,21.1,52.3,40.0
2977,22.2,53.8,37.8
2978,21.0,53.6,38.3
2979,21.2,52.8,37.3
2980,22.2,52.0,39.1
2981,21.4,52.9,37.3
2982,21.1,49.4,36.6
2983,21.8,52.1,38.5
2984,21.8,52.8,37.8
2985,21.7,52.4,36.5
2986,21.8,51.6,40.2
2987,20.3,52.0,38.9
2988,20.6,52.2,38.8
2989,21.1,51.2,37.5
2990,20.8,53.4,39.0
2991,20.9,53.8,39.1
2992,21.3,54.8,36.3
2993,21.4,53.3,36.3
2994,20.5,54.6,37.8
2995,21.0,52.8,38.4
2996,21.3,54.7,38.1
2997,22.6,49.9,38.9
2998,21.3,51.0,35.3
2999,21.3,53.3,38.2
3000,22.0,51.8,37.6
3001,22.3,52.5,37.2
3002,22.0,52.9,37.5
3003,22.0,53.7,39.2
3004,22.1,53.4,38.2
3005,21.6,54.1,37.7
3006,19.7,52.7,38.4
3007,20.1,52.6,38.1
3008,21.0,51.6,38.4
3009,21.3,52.5,36.0
3010,20.3,53.0,38.6
3011,21.2,52.4,37.8
3012,20.9,55.2,38.9
3013,21.1,54.7,39.7
3014,20.8,54.0,37.8
3015,20.2,51.0,40.3
3016,20.6,51.0,39.8
3017,21.6,53.2,36.7
3018,21.5,52.7,38.9
3019,20.9,50.7,39.9
3020,21.4,54.6,39.2
3021,21.9,55.3,39.9
3022,21.0,51.0,38.8
3023,21.4,52.1,37.5
3024,21.2,53.3,38.2
3025,21.8,51.3,37.1
3026,20.7,53.2,38.0
3027,20.7,54.9,36.7
3028,21.8,52.1,38.5
3029,20.8,52.2,36.3
3030,21.5,53.5,38.3
3031,22.1,53.9,38.5
3032,21.5,51.6,37.7
3033,21.5,52.1,36.7
3034,20.5,52.7,37.6
3035,21.0,51.9,37.4
3036,21.4,52.5,36.0
3037,21.0,53.7,35.9
3038,20.3,53.6,38.3
3039,20.3,51.7,39.2
3040,21.8,51.9,38.0
3041,21.6,54.0,39.0
3042,21.0,52.0,38.3
3043,21.4,51.8,38.1
3044,21.3,52.6,39.1
3045,21.5,53.2,39.0
3046,21.1,52.3,37.0
3047,21.7,54.0,37.6
3048,21.4,55.8,36.4
3049,22.0,51.0,38.1
3050,20.8,54.6,40.7
3051,20.4,54.3,38.4
3052,21.5,52.5,37.8
3053,21.4,51.4,37.7
3054,20.4,51.0,38.5
3055,20.4,51.4,36.9
3056,21.4,54.6,36.3
3057,21.3,56.7,36.9
3058,21.6,52.1,38.5
3059,21.3,51.3,39.8
3060,20.3,54.5,37.3
3061,21.9,53.4,37.7
3062,21.0,51.4,38.0
3063,21.3,52.4,36.8
3064,22.1,55.8,38.5
3065,22.1,52.5,39.4
3066,21.7,51.4,37.1
3067,21.0,54.9,40.2
3068,20.1,52.9,36.9
3069,21.1,51.4,38.1
3070,22.6,55.3,38.4
3071,21.8,51.8,37.6
3072,21.6,51.5,38.2
3073,20.8,51.9,40.3
3074,21.0,50.7,36.5
3075,20.7,54.4,37.4
3076,21.3,51.4,38.4
3077,21.8,52.3,39.6
3078,20.5,53.6,37.3
3079,20.7,53.5,37.7
3080,21.1,53.8,37.3
3081,20.5,55.0,38.1
3082,21.5,50.7,35.2
3083,21.5,53.7,39.4
3084,20.1,55.4,34.9
3085,20.5,55.1,36.8
3086,21.4,53.4,38.0
3087,21.2,52.2,38.3
3088,21.8,55.6,38.9
3089,20.9,52.6,38.9
3090,21.1,52.9,38.8
3091,20.5,50.6,40.1
3092,20.7,54.0,36.0
3093,21.7,52.9,38.2
3094,21.8,54.3,36.6
3095,20.9,54.7,36.0
3096,21.9,52.7,38.5
3097,20.8,55.5,38.1
3098,20.8,55.5,37.8
3099,20.9,52.1,37.4
3100,21.4,54.1,37.0
3101,21.7,53.4,39.4
3102,19.9,52.0,39.0
3103,22.1,54.4,38.8
3104,22.0,55.0,37.6
3105,20.8,51.5,40.3
3106,20.5,52.7,38.3
3107,20.4,53.9,36.7
3108,21.8,55.8,38.8
3109,20.7,51.0,39.6
3110,21.2,50.7,37.1
3111,21.7,55.9,38.3
3112,21.3,55.3,39.1
3113,21.3,54.6,36.6
3114,21.5,55.2,40.3
3115,20.9,51.0,37.9
3116,20.3,53.3,39.3
3117,21.6,54.2,38.9
3118,21.9,50.3,39.9
3119,21.5,50.8,36.6
3120,22.0,53.1,39.0
3121,21.3,52.9,40.2
3122,21.5,56.0,38.4
3123,21.5,53.2,38.5
3124,21.9,53.5,36.3
3125,21.6,51.9,38.0
3126,21.8,52.0,38.4
3127,20.9,50.7,36.0
3128,21.2,53.0,37.5
3129,20.2,55.0,38.9
3130,20.9,55.5,39.5
3131,21.3,52.8,36.7
3132,21.4,52.7,39.3
3133,21.0,52.9,37.8
3134,21.5,52.6,37.7
3135,20.4,49.7,38.1
3136,20.9,53.5,37.8
3137,21.4,51.9,40.3
3138,22.1,52.9,39.0
3139,21.6,55.4,36.5
3140,22.1,55.9,39.3
3141,20.4,52.7,38.8
3142,21.0,52.2,38.7
3143,21.1,55.4,37.2
3144,21.6,53.2,37.6
3145,21.1,57.2,38.0
3146,22.3,53.0,37.3
3147,21.0,55.7,39.4
3148,20.3,52.1,38.6
3149,19.7,51.9,39.0
3150,19.9,54.2,38.4
3151,21.4,53.0,39.1
3152,20.9,54.2,38.4
3153,21.3,54.2,37.2
3154,21.0,50.7,38.8
3155,23.0,52.3,37.6
3156,20.9,54.8,38.8
3157,21.0,51.5,36.6
3158,21.4,54.5,39.3
3159,22.0,53.4,38.4
3160,20.8,51.7,37.5
3161,21.9,53.0,37.8
3162,21.2,50.5,38.1
3163,21.1,51.2,35.8
3164,21.8,53.8,37.8
3165,21.7,49.6,37.8
3166,20.6,52.1,38.7
3167,21.5,52.5,39.3
3168,21.6,56.0,38.4
3169,20.1,53.2,38.5
3170,21.8,49.6,37.5
3171,21.7,53.3,37.6
3172,22.3,53.6,38.1
3173,21.9,51.1,37.1
3174,21.7,51.8,39.8
3175,20.1,49.6,36.9
3176,21.1,52.6,35.0
3177,21.9,52.1,38.5
3178,21.6,53.4,37.1
3179,21.3,51.9,39.6
3180,22.3,53.6,37.5
3181,20.8,53.0,38.8
3182,21.6,50.1,39.2
3183,20.8,51.8,38.1
3184,21.8,54.1,40.7
3185,21.8,52.5,36.7
3186,21.1,54.5,37.8
3187,20.4,54.5,39.1
3188,21.3,53.3,35.9
3189,21.8,52.4,35.4
3190,21.8,52.2,38.5
3191,21.5,52.9,38.6
3192,22.0,51.6,39.0
3193,21.0,51.8,36.9
3194,21.3,54.8,36.1
3195,21.5,54.1,38.7
3196,21.9,51.8,37.1
3197,20.2,54.3,38.3
3198,22.6,52.1,36.2
3199,20.8,52.7,38.3
3200,21.2,51.7,36.6
3201,20.9,53.7,38.4
3202,21.7,52.6,39.2
3203,21.6,53.4,36.5
3204,21.2,50.9,37.2
3205,22.3,54.8,37.2
3206,22.2,51.4,38.2
3207,21.5,52.3,39.6
3208,20.5,51.3,38.3
3209,21.8,52.8,39.6
3210,20.9,53.5,39.6
3211,21.7,50.1,38.6
3212,20.5,52.4,36.7
3213,22.6,51.8,39.4
3214,20.6,53.5,39.7
3215,22.3,53.4,36.0
3216,20.2,50.8,38.0
3217,21.5,53.7,38.5
3218,21.7,52.5,39.3
3219,22.4,55.2,37.8
3220,21.4,52.6,36.5
3221,21.3,54.6,38.3
3222,22.3,52.8,37.7
3223,21.9,54.8,38.3
3224,20.9,54.4,39.7
3225,22.1,50.9,38.6
3226,21.6,51.9,39.2
3227,21.7,53.9,38.4
3228,20.2,50.4,36.4
3229,21.9,54.2,37.5
3230,20.4,52.6,41.1
3231,22.3,52.5,37.2
3232,21.9,49.0,37.7
3233,22.5,55.2,37.4
3234,21.0,55.2,39.3
3235,20.0,52.6,38.6
3236,22.2,53.8,38.9
3237,21.0,52.0,37.2
3238,21.6,53.5,38.3
3239,20.6,53.9,37.6
3240,21.1,54.6,38.9
3241,21.8,52.7,39.4
3242,21.6,53.0,38.9
3243,21.5,52.2,38.5
3244,21.2,48.9,36.4
3245,20.7,52.9,36.8
3246,21.4,52.6,38.0
3247,21.0,53.4,37.2
3248,22.4,52.9,39.3
3249,22.1,53.3,39.8
3250,22.2,53.0,36.3
3251,21.6,52.7,37.4
3252,21.8,51.5,37.4
3253,21.3,52.0,37.1
3254,22.2,50.8,38.9
3255,20.5,55.3,35.9
3256,22.3,52.1,36.5
3257,21.6,51.7,40.5
3258,21.6,53.4,38.2
3259,21.1,50.9,37.9
3260,20.6,51.3,38.4
3261,21.4,55.7,36.6
3262,21.6,51.5,38.9
3263,22.1,52.9,40.0
3264,21.6,52.2,38.6
3265,22.6,51.1,36.3
3266,20.6,51.6,37.4
3267,20.5,54.4,38.0
3268,20.8,54.1,37.1
3269,20.2,53.5,37.4
3270,21.6,55.1,36.6
3271,21.5,52.4,39.2
3272,22.3,53.9,39.0
3273,21.1,51.2,37.2
3274,22.2,51.5,39.1
3275,20.5,54.0,38.9
3276,21.3,51.6,37.2
3277,20.9,52.1,38.2
3278,20.3,53.3,34.4
3279,21.8,55.1,37.6
3280,21.7,54.3,39.3
3281,21.1,54.9,35.5
3282,22.5,52.6,38.5
3283,21.9,51.9,38.0
3284,21.1,53.6,37.0
3285,21.1,53.2,36.6
3286,21.3,51.2,40.9
3287,22.3,55.3,35.7
3288,21.0,52.4,35.1
3289,21.7,56.2,37.5
3290,20.7,51.4,37.7
3291,21.2,55.4,39.0
3292,20.6,52.3,37.0
3293,21.9,52.7,38.0
3294,21.4,55.2,38.2
3295,20.4,53.5,37.9
3296,22.0,52.8,39.2
3297,20.9,52.3,36.8
3298,22.4,53.1,37.0
3299,20.9,49.8,38.1
3300,20.9,53.9,37.2
3301,21.3,51.7,39.6
3302,20.8,50.8,36.5
3303,21.3,53.5,37.4
3304,20.7,54.2,38.0
3305,21.0,50.8,40.6
3306,20.9,51.7,37.2
3307,21.7,52.0,40.2
3308,21.3,52.2,37.6
3309,21.9,50.9,35.6
3310,21.0,53.4,36.7
3311,21.0,51.9,40.4
3312,21.3,51.0,39.1
3313,22.5,50.7,37.1
3314,22.7,55.5,35.7
3315,20.6,51.3,38.1
3316,22.2,53.8,38.7
3317,21.4,52.8,37.1
3318,19.9,53.7,37.8
3319,21.6,52.1,39.4
3320,20.1,53.7,41.3
3321,20.2,51.2,36.3
3322,21.1,53.6,35.9
3323,21.6,55.1,37.0
3324,21.5,51.2,37.4
3325,20.5,52.2,37.2
3326,21.5,56.2,38.9
3327,21.7,54.5,38.5
3328,21.0,53.2,39.6
3329,21.0,53.6,36.2
3330,21.9,53.3,37.5
3331,21.4,52.8,37.7
3332,21.2,53.0,39.7
3333,21.2,52.7,38.4
3334,21.4,52.1,38.8
3335,21.1,53.8,38.2
3336,20.6,52.3,37.6
3337,20.2,51.2,38.1
3338,20.7,51.6,39.6
3339,20.8,53.5,37.6
3340,20.2,52.0,38.4
3341,21.1,50.8,38.8
3342,22.2,52.8,37.1
3343,22.2,53.7,38.9
3344,21.1,53.9,37.3
3345,20.5,52.4,37.7
3346,21.5,51.6,37.2
3347,21.2,54.7,36.9
3348,21.6,52.9,37.5
3349,20.8,52.2,37.0
3350,21.3,56.7,38.2
3351,21.0,54.2,37.7
3352,21.6,52.7,36.1
3353,21.4,53.1,36.4
3354,21.3,50.3,39.3
3355,22.0,51.7,38.6
3356,20.9,55.1,38.5
3357,20.2,55.0,38.5
3358,21.6,54.5,37.7
3359,20.9,52.7,37.5
3360,21.3,52.6,39.3
3361,22.3,53.6,37.0
3362,21.3,52.6,36.3
3363,20.9,51.3,37.8
3364,21.6,50.5,37.7
3365,21.4,57.0,36.6
3366,21.4,49.1,39.9
3367,21.6,51.8,37.3
3368,21.6,53.0,38.6
3369,21.0,53.9,37.8
3370,21.6,53.5,37.4
3371,20.4,52.3,37.8
3372,22.0,51.5,37.0
3373,21.6,50.4,37.3
3374,20.9,51.9,37.7
3375,21.1,52.9,38.3
3376,20.9,52.1,36.5
3377,20.1,53.6,38.0
3378,22.7,54.3,36.1
3379,20.5,50.4,36.5
3380,20.7,53.1,38.5
3381,21.9,52.1,37.2
3382,21.1,51.1,38.5
3383,21.3,53.7,35.9
3384,20.9,53.7,38.1
3385,20.8,53.8,38.9
3386,21.2,55.2,35.8
3387,22.1,54.1,37.7
3388,21.6,50.4,35.7
3389,21.8,53.1,38.4
3390,21.2,53.3,38.1
3391,21.2,51.8,38.7
3392,21.5,54.0,37.2
3393,20.7,55.2,38.1
3394,21.5,53.0,36.7
3395,21.0,53.3,38.8
3396,21.3,50.7,37.1
3397,19.7,52.0,40.8
3398,20.8,52.3,37.1
3399,21.1,54.7,37.9
3400,20.3,53.1,37.0
3401,20.6,52.4,38.4
3402,20.6,51.8,37.6
3403,21.9,53.8,39.9
3404,21.1,50.8,36.3
3405,20.8,54.2,37.8
3406,21.6,51.7,38.5
3407,21.2,53.6,37.6
3408,21.4,52.2,38.7
3409,21.7,51.8,41.2
3410,20.8,52.1,36.8
3411,21.1,53.8,38.9
3412,20.6,53.4,38.1
3413,22.0,52.7,38.4
3414,21.6,51.7,37.0
3415,21.5,52.4,37.3
3416,20.6,56.2,37.2
3417,20.2,52.9,38.9
3418,21.9,50.2,39.3
3419,21.7,54.9,37.9
3420,21.2,52.6,39.3
3421,21.6,52.9,38.6
3422,20.7,55.7,38.9
3423,21.3,52.0,37.6
3424,21.8,51.7,38.8
3425,21.7,50.4,37.0
3426,21.6,52.5,37.1
3427,21.0,50.0,37.9
3428,21.1,51.6,37.1
3429,21.9,51.8,36.4
3430,20.0,52.3,37.5
3431,21.5,53.1,38.7
3432,22.0,52.4,38.9
3433,21.3,50.4,38.1
3434,19.7,53.8,37.2
3435,21.9,53.5,38.2
3436,19.7,53.8,38.9
3437,21.1,52.9,37.3
3438,22.3,55.2,37.4
3439,21.1,55.8,37.5
3440,21.6,53.8,39.1
3441,19.6,52.8,38.0
3442,20.5,55.1,38.8
3443,22.0,54.3,39.6
3444,21.8,53.7,38.1
3445,22.0,52.9,37.8
3446,22.3,52.9,38.0
3447,20.8,50.4,38.6
3448,20.5,50.6,36.5
3449,20.9,50.7,37.3
3450,21.7,54.4,37.6
3451,21.5,52.8,36.5
3452,21.9,53.4,37.4
3453,21.3,50.9,36.6
3454,20.2,54.2,36.4
3455,22.0,54.7,38.4
3456,20.8,52.8,35.0
3457,20.9,53.5,39.1
3458,21.0,51.9,35.9
3459,21.5,51.3,38.5
3460,21.4,53.1,37.9
3461,20.6,51.8,40.4
3462,23.0,52.3,39.9
3463,21.1,51.1,38.6
3464,21.3,53.4,39.9
3465,20.6,52.7,37.5
3466,21.8,53.4,37.8
3467,20.1,53.7,39.8
3468,21.0,53.0,37.4
3469,21.3,54.1,37.5
3470,20.7,49.9,38.3
3471,21.0,55.5,38.6
3472,21.0,53.6,37.5
3473,21.9,55.0,39.3
3474,21.7,53.2,37.9
3475,21.3,55.0,37.4
3476,21.8,52.7,38.5
3477,21.1,50.8,35.9
3478,21.7,50.3,39.8
3479,20.8,52.0,39.5
3480,20.5,51.4,38.6
3481,22.0,53.2,37.6
3482,21.4,54.0,37.8
3483,21.3,55.8,39.5
3484,21.0,53.4,39.6
3485,21.6,51.3,38.9
3486,22.6,53.4,34.9
3487,20.9,52.4,37.1
3488,21.9,53.8,38.7
3489,21.3,52.1,38.9
3490,19.6,52.4,38.1
3491,21.6,53.2,37.4
3492,21.9,50.6,38.3
3493,20.2,53.4,38.6
3494,21.2,51.0,38.9
3495,21.4,52.6,38.5
3496,21.8,53.4,37.0
3497,20.9,52.1,37.4
3498,21.2,51.4,39.2
3499,21.0,52.7,37.4
3500,21.1,55.1,38.4
3501,21.2,54.9,38.5
3502,21.8,53.7,38.5
3503,21.7,51.1,36.3
3504,20.9,53.6,37.3
3505,21.3,54.3,37.0
3506,20.8,51.4,37.5
3507,21.0,53.3,38.7
3508,20.3,51.3,38.7
3509,21.5,52.9,37.0
3510,21.9,53.6,37.2
3511,22.0,51.4,38.4
3512,22.0,52.6,37.1
3513,21.9,51.7,37.1
3514,21.7,54.8,39.6
3515,21.8,52.9,38.0
3516,22.0,52.6,36.5
3517,21.3,50.0,38.4
3518,20.6,54.2,39.8
3519,22.1,54.4,36.2
3520,21.7,49.8,39.0
3521,21.3,53.7,38.4
3522,21.4,53.2,39.2
3523,21.1,52.8,38.5
3524,21.8,52.8,37.7
3525,21.8,52.3,38.8
3526,21.5,57.0,39.8
3527,22.4,51.7,36.6
3528,20.3,56.0,35.4
3529,20.8,51.2,36.7
3530,21.0,53.3,39.0
3531,20.9,50.5,38.5
3532,21.0,53.3,36.2
3533,21.5,51.6,37.8
3534,20.2,52.3,39.8
3535,21.3,53.6,37.0
3536,21.6,51.2,37.4
3537,21.4,52.4,37.7
3538,21.9,54.7,38.6
3539,21.6,53.2,38.7
3540,22.4,50.8,38.5
3541,20.6,54.8,39.9
3542,21.9,53.7,37.2
3543,20.3,54.6,36.6
3544,21.5,52.8,37.0
3545,21.4,52.4,35.4
3546,19.7,51.1,38.0
3547,20.8,54.5,37.6
3548,20.9,51.8,38.2
3549,21.7,54.5,39.1
3550,21.3,55.0,37.1
3551,21.2,52.0,37.6
3552,20.9,52.7,39.0
3553,20.9,54.5,37.9
3554,21.0,54.6,37.5
3555,20.8,52.4,38.4
3556,21.9,51.8,36.1
3557,20.8,52.6,39.3
3558,20.9,53.6,39.8
3559,21.4,52.5,38.3
3560,20.8,52.2,38.8
3561,21.1,53.4,38.6
3562,20.8,55.5,37.0
3563,20.9,52.1,38.0
3564,20.6,53.9,38.4
3565,20.3,53.0,37.3
3566,20.0,52.3,40.0
3567,20.9,53.2,37.2
3568,21.8,54.7,37.9
3569,20.9,52.5,37.3
3570,22.1,52.5,36.7
3571,21.8,50.9,38.5
3572,21.1,53.7,40.8
3573,20.9,54.5,37.4
3574,21.0,52.3,39.0
3575,20.9,49.8,38.8
3576,21.3,54.4,37.7
3577,20.9,51.0,39.3
3578,20.9,55.0,36.8
3579,21.7,52.5,37.1
3580,21.0,52.2,38.3
3581,20.9,53.6,38.8
3582,21.3,52.8,37.2
3583,21.1,55.1,39.1
3584,21.6,48.0,36.7
3585,21.5,53.5,37.3
3586,21.4,54.2,38.5
3587,21.9,54.1,37.3
3588,21.3,52.0,39.6
3589,20.8,50.9,39.9
3590,20.2,55.0,39.7
3591,21.1,51.9,36.9
3592,21.1,53.5,38.9
3593,20.9,53.5,36.3
3594,21.4,53.1,37.3
3595,21.2,53.8,38.4
3596,21.2,53.2,37.1
3597,20.5,54.4,35.7
3598,22.2,52.7,37.1
3599,20.6,53.7,38.8
